"","V1","csu_id","trap_id","year","week","trap_date","county","method","genus","spp","sex","no_gravid","no_deplete","total","test_code","seq","cq","zone","lat","long"
"1",25,"CSU5957","FC-091",2014,30,2014-07-21,"Larimer","Gravid","Cx","Pipiens",FALSE,7,0,7,0,0,NA,"FC",NA,NA
"2",26,"CSU5958","FC-091",2014,30,2014-07-21,"Larimer","Gravid","Cx","Tarsalis",FALSE,2,0,2,0,0,NA,"FC",NA,NA
"3",27,"CSU5959","FC-092",2014,30,2014-07-21,"Larimer","Gravid","Cx","Pipiens",FALSE,9,0,9,0,0,NA,"FC",NA,NA
"4",111,"CSU6043","FC-088",2014,30,2014-07-22,"Larimer","Gravid","Cx","Pipiens",FALSE,50,0,50,0,0,NA,"FC",NA,NA
"5",112,"CSU6044","FC-088",2014,30,2014-07-22,"Larimer","Gravid","Cx","Pipiens",FALSE,44,0,44,0,0,NA,"FC",NA,NA
"6",113,"CSU6045","FC-088",2014,30,2014-07-22,"Larimer","Gravid","Cx","Tarsalis",FALSE,1,0,1,0,0,NA,"FC",NA,NA
"7",176,"CSU6108","FC-090",2014,30,2014-07-23,"Larimer","Gravid","Cx","Pipiens",FALSE,50,0,50,0,0,NA,"FC",NA,NA
"8",177,"CSU6109","FC-090",2014,30,2014-07-23,"Larimer","Gravid","Cx","Pipiens",FALSE,17,0,17,0,0,NA,"FC",NA,NA
"9",233,"CSU6165","FC-089",2014,30,2014-07-24,"Larimer","Gravid","Cx","Pipiens",FALSE,50,0,50,0,0,NA,"FC",NA,NA
"10",234,"CSU6166","FC-089",2014,30,2014-07-24,"Larimer","Gravid","Cx","Pipiens",FALSE,51,0,51,0,0,NA,"FC",NA,NA
"11",235,"CSU6167","FC-089",2014,30,2014-07-24,"Larimer","Gravid","Cx","Tarsalis",FALSE,1,0,1,0,0,NA,"FC",NA,NA
"12",4055,"CSU10953","LV-20",2017,30,2017-07-26,"LC","L","Cx.","Tarsalis",FALSE,0,20,20,0,0,55.55,"LV",NA,NA
"13",4856,"CSU11754","FC-89GR",2018,26,2018-06-28,"LC","G","Cx.","Pipiens",FALSE,14,0,14,0,0,55.55,"FC",NA,NA
"14",7277,"CSU14175","LV-95",2020,25,2020-06-15,"LC","L","Cx.","Tarsalis",FALSE,0,11,11,0,0,55.55,"LV",NA,NA
"15",7278,"CSU14176","LV-95",2020,25,2020-06-15,"LC","L","Cx.","Pipiens",FALSE,0,1,1,0,0,38.19437,"LV",NA,NA
"16",7509,"CSU14407","FC-40GR",2020,28,2020-07-06,"LC","G","Cx.","Pipiens",FALSE,9,0,9,0,0,55.55,"FC",NA,NA
"17",8041,"CSU14939","WC-055",2020,32,2020-08-05,"WC","L","Cx.","Tarsalis",FALSE,0,2,2,0,0,55.55,"WC",NA,NA
"18",8077,"CSU14975","FC-095",2020,33,2020-08-10,"LC","L","Cx.","Pipiens",FALSE,0,2,2,0,0,55.55,"FC",NA,NA
"19",8166,"CSU15064","WC-055",2020,33,2020-08-12,"WC","L","Cx.","Tarsalis",FALSE,0,6,6,0,0,55.55,"WC",NA,NA
"20",8167,"CSU15065","WC-055",2020,33,2020-08-12,"WC","L","Cx.","Pipiens",FALSE,0,1,1,0,0,55.55,"WC",NA,NA
"21",8291,"CSU15189","WC-055",2020,34,2020-08-19,"WC","L","Cx.","Tarsalis",FALSE,0,7,7,0,0,55.55,"WC",NA,NA
"22",8390,"CSU15288","FC063GR",2020,35,2020-08-26,"LC","G","Cx.","Pipiens",FALSE,47,0,47,0,0,55.55,"FC",NA,NA
"23",8485,"BOU00001","BC-19",2021,24,2021-06-14,"BC","L","Cx.","Tarsalis",FALSE,0,39,39,0,0,NA,"BC",NA,NA
"24",8488,"BOU00005","BC-17",2021,24,2021-06-14,"BC","L","Cx.","Tarsalis",FALSE,0,6,6,0,0,NA,"BC",NA,NA
"25",8550,"CSU15444","WC-055",2021,25,2021-06-22,"WC","L","Cx.","Tarsalis",FALSE,0,36,36,0,0,55.55,"WC",NA,NA
"26",8578,"BOU00006","BC-19",2021,25,2021-06-21,"BC","L","Cx.","Tarsalis",FALSE,0,50,50,0,0,NA,"BC",NA,NA
"27",8580,"BOU00008","BC-17",2021,25,2021-06-21,"BC","L","Cx.","Tarsalis",FALSE,0,7,7,0,0,NA,"BC",NA,NA
"28",8582,"BOU00010","BC-04",2021,25,2021-06-21,"BC","L","Cx.","Tarsalis",FALSE,0,2,2,0,0,NA,"BC",NA,NA
"29",8696,"CSU15584","WC-055",2021,26,2021-06-29,"WC","L","Cx.","Tarsalis",FALSE,0,26,26,0,0,55.55,"WC",NA,NA
"30",8697,"CSU15585","WC-055",2021,26,2021-06-29,"WC","L","Cx.","Pipiens",FALSE,0,1,1,0,0,55.55,"WC",NA,NA
"31",8715,"BOU00012","BC-19",2021,26,2021-06-28,"BC","L","Cx.","Tarsalis",FALSE,0,8,8,0,0,NA,"BC",NA,NA
"32",8717,"BOU00014","BC-17",2021,26,2021-06-28,"BC","L","Cx.","Tarsalis",FALSE,0,7,7,0,0,NA,"BC",NA,NA
"33",8719,"BOU00016","BC-04",2021,26,2021-06-28,"BC","L","Cx.","Tarsalis",FALSE,0,4,4,0,0,NA,"BC",NA,NA
"34",8852,"CSU15735","WC-055",2021,27,2021-07-06,"WC","L","Cx.","Tarsalis",FALSE,0,50,50,0,0,55.55,"WC",NA,NA
"35",8853,"CSU15736","WC-055",2021,27,2021-07-06,"WC","L","Cx.","Tarsalis",FALSE,0,50,50,0,0,55.55,"WC",NA,NA
"36",8854,"CSU15737","WC-055",2021,27,2021-07-06,"WC","L","Cx.","Tarsalis",FALSE,0,50,50,0,0,55.55,"WC",NA,NA
"37",8855,"CSU15738","WC-055",2021,27,2021-07-06,"WC","L","Cx.","Tarsalis",FALSE,0,50,50,0,0,55.55,"WC",NA,NA
"38",8856,"CSU15739","WC-055",2021,27,2021-07-06,"WC","L","Cx.","Tarsalis",FALSE,0,12,12,0,0,55.55,"WC",NA,NA
"39",8857,"CSU15740","WC-055",2021,27,2021-07-06,"WC","L","Cx.","Pipiens",FALSE,0,6,6,0,0,55.55,"WC",NA,NA
"40",8914,"BOU00017","BC-19",2021,27,2021-07-05,"BC","L","Cx.","Tarsalis",FALSE,0,50,50,0,0,NA,"BC",NA,NA
"41",8916,"BOU00019","BC-17",2021,27,2021-07-05,"BC","L","Cx.","Tarsalis",FALSE,0,26,26,0,0,NA,"BC",NA,NA
"42",8918,"BOU00021","BC-04",2021,27,2021-07-05,"BC","L","Cx.","Tarsalis",FALSE,0,10,10,0,0,NA,"BC",NA,NA
"43",9081,"CSU15959","WC-055",2021,28,2021-07-13,"WC","L","Cx.","Tarsalis",FALSE,0,50,50,0,0,55.55,"WC",NA,NA
"44",9082,"CSU15960","WC-055",2021,28,2021-07-13,"WC","L","Cx.","Tarsalis",FALSE,0,34,34,0,0,55.55,"WC",NA,NA
"45",9083,"CSU15961","WC-055",2021,28,2021-07-13,"WC","L","Cx.","Pipiens",FALSE,0,1,1,0,0,55.55,"WC",NA,NA
"46",9158,"BOU00022","BC-19",2021,28,2021-07-12,"BC","L","Cx.","Tarsalis",FALSE,0,17,17,0,0,NA,"BC",NA,NA
"47",9160,"BOU00024","BC-17",2021,28,2021-07-12,"BC","L","Cx.","Tarsalis",FALSE,0,24,24,0,0,NA,"BC",NA,NA
"48",9162,"BOU00026","BC-04",2021,28,2021-07-12,"BC","L","Cx.","Tarsalis",FALSE,0,12,12,0,0,NA,"BC",NA,NA
"49",9320,"CSU16193","WC-055",2021,29,2021-07-20,"WC","L","Cx.","Tarsalis",FALSE,0,13,13,0,0,55.55,"WC",NA,NA
"50",9360,"BOU00027","BC-19",2021,29,2021-07-19,"BC","L","Cx.","Tarsalis",FALSE,0,50,50,0,0,NA,"BC",NA,NA
"51",9362,"BOU00029","BC-17",2021,29,2021-07-19,"BC","L","Cx.","Tarsalis",FALSE,0,45,45,0,0,NA,"BC",NA,NA
"52",9364,"BOU00031","BC-04",2021,29,2021-07-19,"BC","L","Cx.","Tarsalis",FALSE,0,15,15,0,0,NA,"BC",NA,NA
"53",9522,"CSU16390","WC-055",2021,30,2021-07-27,"WC","L","Cx.","Tarsalis",FALSE,0,50,50,0,0,27.01525,"WC",NA,NA
"54",9523,"CSU16391","WC-055",2021,30,2021-07-27,"WC","L","Cx.","Tarsalis",FALSE,0,39,39,0,0,55.55,"WC",NA,NA
"55",9524,"CSU16392","WC-055",2021,30,2021-07-27,"WC","L","Cx.","Pipiens",FALSE,0,2,2,0,0,55.55,"WC",NA,NA
"56",9615,"BOU00032","BC-19",2021,30,2021-07-26,"BC","L","Cx.","Tarsalis",FALSE,0,50,50,0,0,NA,"BC",NA,NA
"57",9618,"BOU00035","BC-17",2021,30,2021-07-26,"BC","L","Cx.","Tarsalis",FALSE,0,50,50,0,0,NA,"BC",NA,NA
"58",9620,"BOU00037","BC-04",2021,30,2021-07-26,"BC","L","Cx.","Tarsalis",FALSE,0,4,4,0,0,NA,"BC",NA,NA
"59",9624,"BOU00041","BC-17",2021,31,2021-08-02,"BC","L","Cx.","Tarsalis",FALSE,0,50,50,0,0,NA,"BC",NA,NA
"60",9626,"BOU00043","BC-04",2021,31,2021-08-02,"BC","L","Cx.","Tarsalis",FALSE,0,23,23,0,0,NA,"BC",NA,NA
"61",9634,"CSU16604","WC-055",2021,31,2021-08-03,"WC","L","Cx.","Tarsalis",FALSE,0,15,15,0,0,55.55,"WC",NA,NA
"62",9697,"CSU16644","FC062",2021,31,2021-08-04,"LC","L","Cx.","Pipiens",FALSE,0,4,4,0,0,55.55,"FC",NA,NA
"63",9778,"CSU16643","FC062",2021,31,2021-08-04,"LC","L","Cx.","Tarsalis",FALSE,0,7,7,0,0,55.55,"FC",NA,NA
"64",9802,"BOU00044","BC-19",2021,32,2021-08-09,"BC","L","Cx.","Tarsalis",FALSE,0,16,16,0,0,NA,"BC",NA,NA
"65",9804,"BOU00046","BC-17",2021,32,2021-08-09,"BC","L","Cx.","Tarsalis",FALSE,0,50,50,0,0,NA,"BC",NA,NA
"66",9806,"BOU00048","BC-04",2021,32,2021-08-09,"BC","L","Cx.","Tarsalis",FALSE,0,4,4,0,0,NA,"BC",NA,NA
"67",9907,"CSU16758","WC-055",2021,32,2021-08-10,"WC","L","Cx.","Tarsalis",FALSE,0,10,10,0,0,55.55,"WC",NA,NA
"68",9908,"CSU16759","WC-055",2021,32,2021-08-10,"WC","L","Cx.","Pipiens",FALSE,0,3,3,0,0,55.55,"WC",NA,NA
"69",10035,"CSU16886","WC-055",2021,33,2021-08-17,"WC","L","Cx.","Tarsalis",FALSE,0,18,18,0,0,55.55,"WC",NA,NA
"70",10036,"CSU16887","WC-055",2021,33,2021-08-17,"WC","L","Cx.","Pipiens",FALSE,0,1,1,0,0,55.55,"WC",NA,NA
"71",10091,"BOU00049","BC-19",2021,33,2021-08-16,"BC","L","Cx.","Tarsalis",FALSE,0,13,13,0,0,NA,"BC",NA,NA
"72",10093,"BOU00051","BC-17",2021,33,2021-08-16,"BC","L","Cx.","Tarsalis",FALSE,0,25,25,0,0,NA,"BC",NA,NA
"73",10095,"BOU00053","BC-04",2021,33,2021-08-16,"BC","L","Cx.","Tarsalis",FALSE,0,10,10,0,0,NA,"BC",NA,NA
"74",10096,"BOU00054","BC-19",2021,34,2021-08-23,"BC","L","Cx.","Tarsalis",FALSE,0,11,11,0,0,NA,"BC",NA,NA
"75",10098,"BOU00056","BC-17",2021,34,2021-08-23,"BC","L","Cx.","Tarsalis",FALSE,0,10,10,0,0,NA,"BC",NA,NA
"76",10100,"BOU00058","BC-04",2021,34,2021-08-23,"BC","L","Cx.","Tarsalis",FALSE,0,5,5,0,0,NA,"BC",NA,NA
"77",10196,"CSU17037","WC-055",2021,34,2021-08-24,"LC","L","Cx.","Tarsalis",FALSE,0,17,17,0,0,55.55,"WC",NA,NA
"78",10197,"CSU17038","WC-055",2021,34,2021-08-24,"LC","L","Cx.","Pipiens",FALSE,0,2,2,0,0,55.55,"WC",NA,NA
"79",10212,"BOU00059","BC-19",2021,35,2021-08-30,"BC","L","Cx.","Tarsalis",FALSE,0,6,6,0,0,NA,"BC",NA,NA
"80",10214,"BOU00061","BC-17",2021,35,2021-08-30,"BC","L","Cx.","Tarsalis",FALSE,0,5,5,0,0,NA,"BC",NA,NA
"81",10216,"BOU00063","BC-04",2021,35,2021-08-30,"BC","L","Cx.","Tarsalis",FALSE,0,4,4,0,0,NA,"BC",NA,NA
"82",10300,"CSU17136","WC-055",2021,35,2021-08-31,"LC","L","Cx.","Tarsalis",FALSE,0,5,5,0,0,32.7509,"WC",NA,NA
"83",10301,"CSU17137","WC-055",2021,35,2021-08-31,"LC","L","Cx.","Pipiens",FALSE,0,3,3,0,0,55.55,"WC",NA,NA
"84",10317,"BOU00064","BC-19",2021,36,2021-09-06,"BC","L","Cx.","Tarsalis",FALSE,0,8,8,0,0,NA,"BC",NA,NA
"85",10319,"BOU00066","BC-17",2021,36,2021-09-06,"BC","L","Cx.","Tarsalis",FALSE,0,3,3,0,0,NA,"BC",NA,NA
"86",10321,"BOU00068","BC-04",2021,36,2021-09-06,"BC","L","Cx.","Tarsalis",FALSE,0,3,3,0,0,NA,"BC",NA,NA
"87",10438,"CSU17269","FC-89GR",2022,23,2022-06-09,"LC","G","Cx.","Pipiens",FALSE,9,0,9,0,0,55.55,"FC",NA,NA
"88",10483,"CSU17314","WC-055",2022,24,2022-06-15,"LC","L","Cx.","Tarsalis",FALSE,0,5,5,0,0,55.55,"WC",NA,NA
"89",10517,"BOU00069","BC-19",2022,24,2022-06-13,"BC","L","Cx.","Tarsalis",FALSE,0,3,3,0,0,NA,"BC",NA,NA
"90",10519,"BOU00071","BC-01",2022,24,2022-06-13,"BC","L","Cx.","Tarsalis",FALSE,0,18,18,0,0,NA,"BC",NA,NA
"91",10520,"BOU00072","BC-17",2022,24,2022-06-13,"BC","L","Cx.","Tarsalis",FALSE,0,9,9,0,0,NA,"BC",NA,NA
"92",10522,"BOU00074","BC-19",2022,25,2022-06-20,"BC","L","Cx.","Tarsalis",FALSE,0,4,4,0,0,NA,"BC",NA,NA
"93",10524,"BOU00076","BC-01",2022,25,2022-06-20,"BC","L","Cx.","Tarsalis",FALSE,0,30,30,0,0,NA,"BC",NA,NA
"94",10525,"BOU00077","BC-13",2022,25,2022-06-20,"BC","L","Cx.","Tarsalis",FALSE,0,4,4,0,0,NA,"BC",NA,NA
"95",10659,"CSU17480","WC-055",2022,26,2022-06-29,"LC","L","Cx.","Tarsalis",FALSE,0,1,1,0,0,55.55,"WC",NA,NA
"96",10688,"BOU00079","BC-12",2022,26,2022-06-27,"BC","L","Cx.","Tarsalis",FALSE,0,18,18,0,0,NA,"BC",NA,NA
"97",10690,"BOU00081","BC-17",2022,26,2022-06-27,"BC","L","Cx.","Tarsalis",FALSE,0,9,9,0,0,NA,"BC",NA,NA
"98",10691,"BOU00082","BC-04",2022,26,2022-06-27,"BC","L","Cx.","Tarsalis",FALSE,0,5,5,0,0,NA,"BC",NA,NA
"99",10695,"BOU00086","BC-13",2022,27,2022-07-05,"BC","L","Cx.","Tarsalis",FALSE,0,49,49,0,0,NA,"BC",NA,NA
"100",10696,"BOU00087","BC-04",2022,27,2022-07-05,"BC","L","Cx.","Tarsalis",FALSE,0,6,6,0,0,NA,"BC",NA,NA
"101",10698,"BOU00089","BC-19",2022,27,2022-07-05,"BC","L","Cx.","Tarsalis",FALSE,0,18,18,0,0,NA,"BC",NA,NA
"102",10741,"CSU17551","WC-055",2022,27,2022-07-06,"LC","L","Cx.","Tarsalis",FALSE,0,5,5,0,0,55.55,"WC",NA,NA
"103",10742,"CSU17552","WC-055",2022,27,2022-07-06,"LC","L","Cx.","Pipiens",FALSE,0,1,1,0,0,55.55,"WC",NA,NA
"104",10950,"CSU17760","WC-055",2022,28,2022-07-13,"LC","L","Cx.","Tarsalis",FALSE,0,3,3,0,0,55.55,"WC",NA,NA
"105",11006,"BOU00090","BC-19",2022,28,2022-07-11,"BC","L","Cx.","Tarsalis",FALSE,0,29,29,0,0,NA,"BC",NA,NA
"106",11008,"BOU00092","BC-17",2022,28,2022-07-11,"BC","L","Cx.","Tarsalis",FALSE,0,25,25,0,0,NA,"BC",NA,NA
"107",11136,"CSU17941","WC-055",2022,29,2022-07-20,"LC","L","Cx.","Tarsalis",FALSE,0,19,19,0,0,55.55,"WC",NA,NA
"108",11207,"BOU00095","BC-19",2022,29,2022-07-18,"BC","L","Cx.","Tarsalis",FALSE,0,21,21,0,0,NA,"BC",NA,NA
"109",11209,"BOU00097","BC-13",2022,29,2022-07-18,"BC","L","Cx.","Tarsalis",FALSE,0,49,49,0,0,NA,"BC",NA,NA
"110",11212,"BOU00100","BC-19",2022,30,2022-07-25,"BC","L","Cx.","Tarsalis",FALSE,0,16,16,0,0,NA,"BC",NA,NA
"111",11214,"BOU00102","BC-13",2022,30,2022-07-25,"BC","L","Cx.","Tarsalis",FALSE,0,40,40,0,0,NA,"BC",NA,NA
"112",11216,"BOU00104","BC-17",2022,30,2022-07-25,"BC","L","Cx.","Tarsalis",FALSE,0,12,12,0,0,NA,"BC",NA,NA
"113",11336,"CSU18131","WC-055",2022,30,2022-07-27,"LC","L","Cx.","Tarsalis",FALSE,0,12,12,0,0,55.55,"WC",NA,NA
"114",11370,"BOU00107","BC-13",2022,31,2022-08-01,"BC","L","Cx.","Tarsalis",FALSE,0,35,35,0,0,NA,"BC",NA,NA
"115",11372,"BOU00109","BC-17",2022,31,2022-08-01,"BC","L","Cx.","Tarsalis",FALSE,0,12,12,0,0,NA,"BC",NA,NA
"116",11533,"CSU18277","WC-055",2022,31,2022-08-03,"LC","L","Cx.","Tarsalis",FALSE,0,22,22,0,0,55.55,"WC",NA,NA
"117",11534,"BOU00112","BC-04",2022,32,2022-08-08,"BC","L","Cx.","Tarsalis",FALSE,0,7,7,0,0,NA,"BC",NA,NA
"118",11536,"BOU00114","BC-17",2022,32,2022-08-08,"BC","L","Cx.","Tarsalis",FALSE,0,9,9,0,0,NA,"BC",NA,NA
"119",11538,"BOU00110","BC-19",2022,32,2022-08-08,"BC","L","Cx.","Tarsalis",FALSE,0,30,30,0,0,NA,"BC",NA,NA
"120",11697,"CSU18429","WC-055",2022,32,2022-08-10,"LC","L","Cx.","Tarsalis",FALSE,0,50,50,0,0,55.55,"WC",NA,NA
"121",11698,"CSU18430","WC-055",2022,32,2022-08-10,"LC","L","Cx.","Tarsalis",FALSE,0,17,17,0,0,55.55,"WC",NA,NA
"122",11699,"BOU00115","BC-19",2022,33,2022-08-16,"BC","L","Cx.","Tarsalis",FALSE,0,4,4,0,0,NA,"BC",NA,NA
"123",11701,"BOU00117","BC-04",2022,33,2022-08-16,"BC","L","Cx.","Tarsalis",FALSE,0,6,6,0,0,NA,"BC",NA,NA
"124",11702,"BOU00118","BC-13",2022,33,2022-08-16,"BC","L","Cx.","Tarsalis",FALSE,0,10,10,0,0,NA,"BC",NA,NA
"125",11703,"BOU00119","BC-16",2022,33,2022-08-16,"BC","L","Cx.","Tarsalis",FALSE,0,7,7,0,0,NA,"BC",NA,NA
"126",11707,"CSU18607","WC-055",2022,33,2022-08-17,"LC","L","Cx.","Pipiens",FALSE,0,3,3,0,0,55.55,"WC",NA,NA
"127",11712,"CSU18606","WC-055",2022,33,2022-08-17,"LC","L","Cx.","Tarsalis",FALSE,0,24,24,0,0,55.55,"WC",NA,NA
"128",11995,"CSU18775","WC-055",2022,34,2022-08-24,"LC","L","Cx.","Tarsalis",FALSE,0,7,7,0,0,55.55,"WC",NA,NA
"129",12051,"BOU00120","BC-19",2022,34,2022-08-22,"BC","L","Cx.","Tarsalis",FALSE,0,16,16,0,0,NA,"BC",NA,NA
"130",12053,"BOU00122","BC-02",2022,34,2022-08-22,"BC","L","Cx.","Tarsalis",FALSE,0,10,10,0,0,NA,"BC",NA,NA
"131",12054,"BOU00123","BC-13",2022,34,2022-08-22,"BC","L","Cx.","Tarsalis",FALSE,0,4,4,0,0,NA,"BC",NA,NA
"132",12057,"BOU00128","BC-02",2022,35,2022-08-29,"BC","L","Cx.","Pipiens",FALSE,0,8,8,0,0,NA,"BC",NA,NA
"133",12059,"BOU00125","BC-19",2022,35,2022-08-29,"BC","L","Cx.","Tarsalis",FALSE,0,4,4,0,0,NA,"BC",NA,NA
"134",12064,"CSU18901","WC-055",2022,35,2022-08-31,"LC","L","Cx.","Pipiens",FALSE,0,1,1,0,0,55.55,"WC",NA,NA
"135",12069,"CSU18900","WC-055",2022,35,2022-08-31,"LC","L","Cx.","Tarsalis",FALSE,0,11,11,0,0,55.55,"WC",NA,NA
"136",12192,"BOU00131","BC-11",2022,36,2022-09-05,"BC","L","Cx.","Tarsalis",FALSE,0,6,6,0,0,NA,"BC",NA,NA
"137",12193,"BOU00132","BC-11",2022,36,2022-09-05,"BC","L","Cx.","Pipiens",FALSE,0,4,4,0,0,NA,"BC",NA,NA
"138",12194,"BOU00133","BC-03",2022,36,2022-09-05,"BC","L","Cx.","Pipiens",FALSE,0,3,3,0,0,NA,"BC",NA,NA
"139",12195,"BOU00134","BC-13",2022,36,2022-09-05,"BC","L","Cx.","Tarsalis",FALSE,0,3,3,0,0,NA,"BC",NA,NA
"140",12410,"BOU00135","BC-19",2022,37,2022-09-12,"BC","L","Cx.","Tarsalis",FALSE,0,5,5,0,0,NA,"BC",NA,NA
"141",12411,"BOU00136","BC-17",2022,37,2022-09-12,"BC","L","Cx.","Tarsalis",FALSE,0,3,3,0,0,NA,"BC",NA,NA
"142",12412,"BOU00137","BC-17",2022,37,2022-09-12,"BC","L","Cx.","Pipiens",FALSE,0,7,7,0,0,NA,"BC",NA,NA
"143",12414,"BOU00139","BC-13",2022,37,2022-09-12,"BC","L","Cx.","Pipiens",FALSE,0,3,3,0,0,NA,"BC",NA,NA
"144",12527,"CSU21099","WC-055",2023,31,2023-08-02,"LC","L","Cx.","Tarsalis",FALSE,0,21,21,0,0,55.55,"WC",NA,NA
"145",12528,"CSU21100","WC-055",2023,31,2023-08-02,"LC","L","Cx.","Pipiens",FALSE,0,9,9,0,0,55.55,"WC",NA,NA
"146",12565,"BOU00175","BC-25",2023,31,2023-07-31,"BC","L","Cx.","Tarsalis",FALSE,0,49,49,0,0,NA,"BC",NA,NA
"147",12566,"BOU00176","BC-11",2023,31,2023-07-31,"BC","L","Cx.","Tarsalis",FALSE,0,49,49,0,0,NA,"BC",NA,NA
"148",12567,"BOU00177","BC-27",2023,31,2023-07-31,"BC","L","Cx.","Tarsalis",FALSE,0,49,49,0,0,NA,"BC",NA,NA
"149",12568,"BOU00178","BC-22",2023,31,2023-07-31,"BC","L","Cx.","Tarsalis",FALSE,0,37,37,0,0,NA,"BC",NA,NA
"150",12569,"BOU00179","BC-04",2023,31,2023-07-31,"BC","L","Cx.","Tarsalis",FALSE,0,49,49,0,0,NA,"BC",NA,NA
"151",12570,"BOU00180","BC-26",2023,31,2023-07-31,"BC","L","Cx.","Tarsalis",FALSE,0,49,49,0,0,NA,"BC",NA,NA
"152",12626,"CSU19230","WC-055",2023,23,2023-06-07,"LC","L","Cx.","Tarsalis",FALSE,0,17,17,0,0,55.55,"WC",NA,NA
"153",12705,"CSU19309","WC-055",2023,24,2023-06-14,"LC","L","Cx.","Tarsalis",FALSE,0,3,3,0,0,55.55,"WC",NA,NA
"154",12809,"CSU19413","WC-055",2023,25,2023-06-21,"LC","L","Cx.","Tarsalis",FALSE,0,16,16,0,0,55.55,"WC",NA,NA
"155",12850,"BOU00140","BC-19",2023,25,2023-06-19,"BC","L","Cx.","Tarsalis",FALSE,0,49,49,0,0,NA,"BC",NA,NA
"156",12852,"BOU00142","BC-01",2023,25,2023-06-19,"BC","L","Cx.","Tarsalis",FALSE,0,20,20,0,0,NA,"BC",NA,NA
"157",12854,"BOU00144","BC-17",2023,25,2023-06-19,"BC","L","Cx.","Tarsalis",FALSE,0,11,11,0,0,NA,"BC",NA,NA
"158",13017,"CSU19616","WC-055",2023,26,2023-06-28,"LC","L","Cx.","Tarsalis",FALSE,0,50,50,0,0,55.55,"WC",NA,NA
"159",13018,"CSU19617","WC-055",2023,26,2023-06-28,"LC","L","Cx.","Tarsalis",FALSE,0,50,50,0,0,55.55,"WC",NA,NA
"160",13019,"CSU19618","WC-055",2023,26,2023-06-28,"LC","L","Cx.","Tarsalis",FALSE,0,50,50,0,0,55.55,"WC",NA,NA
"161",13099,"BOU00145","BC-19",2023,26,2023-06-26,"BC","L","Cx.","Tarsalis",FALSE,0,49,49,0,0,NA,"BC",NA,NA
"162",13101,"BOU00147","BC-04",2023,26,2023-06-26,"BC","L","Cx.","Tarsalis",FALSE,0,49,49,0,0,NA,"BC",NA,NA
"163",13103,"BOU00149","BC-17",2023,26,2023-06-26,"BC","L","Cx.","Tarsalis",FALSE,0,49,49,0,0,NA,"BC",NA,NA
"164",13243,"CSU19837","WC-055",2023,27,2023-07-04,"LC","L","Cx.","Tarsalis",FALSE,0,50,50,0,0,55.55,"WC",NA,NA
"165",13244,"CSU19838","WC-055",2023,27,2023-07-04,"LC","L","Cx.","Tarsalis",FALSE,0,50,50,0,0,55.55,"WC",NA,NA
"166",13245,"CSU19839","WC-055",2023,27,2023-07-04,"LC","L","Cx.","Tarsalis",FALSE,0,50,50,0,0,55.55,"WC",NA,NA
"167",13407,"BOU00150","BC-19",2023,27,2023-07-03,"BC","L","Cx.","Tarsalis",FALSE,0,49,49,0,0,NA,"BC",NA,NA
"168",13408,"BOU00151","BC-19",2023,27,2023-07-03,"BC","L","Cx.","Tarsalis",FALSE,0,49,49,0,0,NA,"BC",NA,NA
"169",13409,"BOU00152","BC-04",2023,27,2023-07-03,"BC","L","Cx.","Tarsalis",FALSE,0,49,49,0,0,NA,"BC",NA,NA
"170",13412,"BOU00155","BC-17",2023,27,2023-07-03,"BC","L","Cx.","Tarsalis",FALSE,0,49,49,0,0,NA,"BC",NA,NA
"171",13614,"CSU20201","WC-055",2023,28,2023-07-12,"LC","L","Cx.","Tarsalis",FALSE,0,50,50,1,0,33.89494,"WC",NA,NA
"172",13615,"CSU20202","WC-055",2023,28,2023-07-12,"LC","L","Cx.","Tarsalis",FALSE,0,50,50,1,0,27.18269,"WC",NA,NA
"173",13616,"CSU20203","WC-055",2023,28,2023-07-12,"LC","L","Cx.","Tarsalis",FALSE,0,50,50,0,0,55.55,"WC",NA,NA
"174",13617,"CSU20204","WC-055",2023,28,2023-07-12,"LC","L","Cx.","Pipiens",FALSE,0,1,1,0,0,55.55,"WC",NA,NA
"175",13752,"BOU00157","BC-19",2023,28,2023-07-10,"BC","L","Cx.","Tarsalis",FALSE,0,49,49,0,0,NA,"BC",NA,NA
"176",13753,"BOU00158","BC-08",2023,28,2023-07-10,"BC","L","Cx.","Tarsalis",FALSE,0,49,49,0,0,NA,"BC",NA,NA
"177",13754,"BOU00159","BC-04",2023,28,2023-07-10,"BC","L","Cx.","Tarsalis",FALSE,0,49,49,0,0,NA,"BC",NA,NA
"178",13757,"BOU00162","BC-17",2023,28,2023-07-10,"BC","L","Cx.","Tarsalis",FALSE,0,49,49,0,0,NA,"BC",NA,NA
"179",14048,"CSU20629","WC-055",2023,29,2023-07-19,"LC","L","Cx.","Tarsalis",FALSE,0,50,50,0,0,55.55,"WC",NA,NA
"180",14049,"CSU20630","WC-055",2023,29,2023-07-19,"LC","L","Cx.","Tarsalis",FALSE,0,50,50,0,0,55.55,"WC",NA,NA
"181",14050,"CSU20631","WC-055",2023,29,2023-07-19,"LC","L","Cx.","Tarsalis",FALSE,0,50,50,1,0,37.97,"WC",NA,NA
"182",14185,"BOU00163","BC-25",2023,29,2023-07-17,"BC","L","Cx.","Tarsalis",FALSE,0,49,49,1,0,NA,"BC",NA,NA
"183",14186,"BOU00164","BC-11",2023,29,2023-07-17,"BC","L","Cx.","Tarsalis",FALSE,0,49,49,0,0,NA,"BC",NA,NA
"184",14187,"BOU00165","BC-27",2023,29,2023-07-17,"BC","L","Cx.","Tarsalis",FALSE,0,49,49,0,0,NA,"BC",NA,NA
"185",14188,"BOU00166","BC-22",2023,29,2023-07-17,"BC","L","Cx.","Tarsalis",FALSE,0,49,49,1,0,NA,"BC",NA,NA
"186",14189,"BOU00167","BC-04",2023,29,2023-07-17,"BC","L","Cx.","Tarsalis",FALSE,0,49,49,1,0,NA,"BC",NA,NA
"187",14190,"BOU00168","BC-04",2023,29,2023-07-17,"BC","L","Cx.","Pipiens",FALSE,0,49,49,0,0,NA,"BC",NA,NA
"188",14191,"BOU00169","BC-25",2023,30,2023-07-24,"BC","L","Cx.","Tarsalis",FALSE,0,49,49,0,0,NA,"BC",NA,NA
"189",14192,"BOU00170","BC-11",2023,30,2023-07-24,"BC","L","Cx.","Tarsalis",FALSE,0,49,49,0,0,NA,"BC",NA,NA
"190",14193,"BOU00171","BC-27",2023,30,2023-07-24,"BC","L","Cx.","Tarsalis",FALSE,0,49,49,0,0,NA,"BC",NA,NA
"191",14194,"BOU00172","BC-22",2023,30,2023-07-24,"BC","L","Cx.","Tarsalis",FALSE,0,49,49,0,0,NA,"BC",NA,NA
"192",14195,"BOU00173","BC-04",2023,30,2023-07-24,"BC","L","Cx.","Tarsalis",FALSE,0,49,49,0,0,NA,"BC",NA,NA
"193",14196,"BOU00174","BC-26",2023,30,2023-07-24,"BC","L","Cx.","Tarsalis",FALSE,0,49,49,1,0,NA,"BC",NA,NA
"194",14203,"CSU20939","WC-055",2023,30,2023-07-26,"LC","L","Cx.","Tarsalis",FALSE,0,30,30,0,0,55.55,"WC",NA,NA
"195",14421,"BOU00175","BC-25",2023,31,2023-07-31,"BC","L","Cx.","Tarsalis",FALSE,0,49,49,0,0,NA,"BC",NA,NA
"196",14422,"BOU00176","BC-11",2023,31,2023-07-31,"BC","L","Cx.","Tarsalis",FALSE,0,49,49,0,0,NA,"BC",NA,NA
"197",14423,"BOU00177","BC-27",2023,31,2023-07-31,"BC","L","Cx.","Tarsalis",FALSE,0,49,49,0,0,NA,"BC",NA,NA
"198",14424,"BOU00178","BC-22",2023,31,2023-07-31,"BC","L","Cx.","Tarsalis",FALSE,0,37,37,0,0,NA,"BC",NA,NA
"199",14425,"BOU00179","BC-04",2023,31,2023-07-31,"BC","L","Cx.","Tarsalis",FALSE,0,49,49,0,0,NA,"BC",NA,NA
"200",14426,"BOU00180","BC-26",2023,31,2023-07-31,"BC","L","Cx.","Tarsalis",FALSE,0,49,49,0,0,NA,"BC",NA,NA
"201",14427,"BOU00181","BC-25",2023,32,2023-08-07,"BC","L","Cx.","Tarsalis",FALSE,0,41,41,1,0,NA,"BC",NA,NA
"202",14428,"BOU00182","BC-11",2023,32,2023-08-07,"BC","L","Cx.","Tarsalis",FALSE,0,49,49,0,0,NA,"BC",NA,NA
"203",14429,"BOU00183","BC-27",2023,32,2023-08-07,"BC","L","Cx.","Tarsalis",FALSE,0,49,49,0,0,NA,"BC",NA,NA
"204",14430,"BOU00184","BC-26",2023,32,2023-08-07,"BC","L","Cx.","Tarsalis",FALSE,0,49,49,0,0,NA,"BC",NA,NA
"205",14431,"BOU00185","BC-04",2023,32,2023-08-07,"BC","L","Cx.","Tarsalis",FALSE,0,49,49,0,0,NA,"BC",NA,NA
"206",14507,"CSU21212","WC-055",2023,32,2023-08-09,"LC","L","Cx.","Tarsalis",FALSE,0,50,50,1,0,21.148,"WC",NA,NA
"207",14508,"CSU21213","WC-055",2023,32,2023-08-09,"LC","L","Cx.","Tarsalis",FALSE,0,30,30,0,0,55.55,"WC",NA,NA
"208",14509,"CSU21214","WC-055",2023,32,2023-08-09,"LC","L","Cx.","Pipiens",FALSE,0,15,15,0,0,55.55,"WC",NA,NA
"209",14637,"CSU21342","WC-055",2023,33,2023-08-16,"LC","L","Cx.","Tarsalis",FALSE,0,13,13,0,0,55.55,"WC",NA,NA
"210",14638,"CSU21343","WC-055",2023,33,2023-08-16,"LC","L","Cx.","Pipiens",FALSE,0,7,7,0,0,55.55,"WC",NA,NA
"211",14690,"BOU00186","BC-25",2023,33,2023-08-14,"BC","L","Cx.","Tarsalis",FALSE,0,24,24,0,0,NA,"BC",NA,NA
"212",14691,"BOU00187","BC-11",2023,33,2023-08-14,"BC","L","Cx.","Tarsalis",FALSE,0,29,29,0,0,NA,"BC",NA,NA
"213",14692,"BOU00188","BC-27",2023,33,2023-08-14,"BC","L","Cx.","Tarsalis",FALSE,0,49,49,0,0,NA,"BC",NA,NA
"214",14693,"BOU00189","BC-13",2023,33,2023-08-14,"BC","L","Cx.","Tarsalis",FALSE,0,48,48,0,0,NA,"BC",NA,NA
"215",14694,"BOU00190","BC-04",2023,33,2023-08-14,"BC","L","Cx.","Tarsalis",FALSE,0,31,31,1,0,NA,"BC",NA,NA
"216",14695,"BOU00191","BC-25",2023,34,2023-08-21,"BC","L","Cx.","Tarsalis",FALSE,0,31,31,0,0,NA,"BC",NA,NA
"217",14696,"BOU00192","BC-11",2023,34,2023-08-21,"BC","L","Cx.","Tarsalis",FALSE,0,34,34,0,0,NA,"BC",NA,NA
"218",14697,"BOU00193","BC-27",2023,34,2023-08-21,"BC","L","Cx.","Tarsalis",FALSE,0,49,49,1,0,NA,"BC",NA,NA
"219",14698,"BOU00194","BC-22",2023,34,2023-08-21,"BC","L","Cx.","Tarsalis",FALSE,0,48,48,0,0,NA,"BC",NA,NA
"220",14699,"BOU00195","BC-04",2023,34,2023-08-21,"BC","L","Cx.","Tarsalis",FALSE,0,49,49,0,0,NA,"BC",NA,NA
"221",14795,"CSU21490","WC-055",2023,34,2023-08-23,"LC","L","Cx.","Tarsalis",FALSE,0,50,50,1,0,28.894,"WC",NA,NA
"222",14796,"CSU21491","WC-055",2023,34,2023-08-23,"LC","L","Cx.","Tarsalis",FALSE,0,25,25,1,0,20.24903,"WC",NA,NA
"223",14797,"CSU21492","WC-055",2023,34,2023-08-23,"LC","L","Cx.","Pipiens",FALSE,0,12,12,0,0,55.55,"WC",NA,NA
"224",14832,"BOU00198","BC-26",2023,35,2023-08-28,"BC","L","Cx.","Pipiens",FALSE,0,14,14,0,0,NA,"BC",NA,NA
"225",14833,"BOU00200","BC-04",2023,35,2023-08-28,"BC","L","Cx.","Pipiens",FALSE,0,16,16,0,0,NA,"BC",NA,NA
"226",14834,"BOU00196","BC-25",2023,35,2023-08-28,"BC","L","Cx.","Tarsalis",FALSE,0,8,8,0,0,NA,"BC",NA,NA
"227",14835,"BOU00197","BC-11",2023,35,2023-08-28,"BC","L","Cx.","Tarsalis",FALSE,0,7,7,0,0,NA,"BC",NA,NA
"228",14836,"BOU00199","BC-13",2023,35,2023-08-28,"BC","L","Cx.","Tarsalis",FALSE,0,10,10,0,0,NA,"BC",NA,NA
"229",14838,"CSU21612","WC-055",2023,35,2023-08-30,"LC","L","Cx.","Pipiens",FALSE,0,7,7,0,0,55.55,"WC",NA,NA
"230",14843,"CSU21611","WC-055",2023,35,2023-08-30,"LC","L","Cx.","Tarsalis",FALSE,0,18,18,0,0,55.55,"WC",NA,NA
"231",15013,"BOU00201","BC-22",2023,36,2023-09-05,"BC","L","Cx.","Tarsalis",FALSE,0,2,2,0,0,NA,"BC",NA,NA
"232",15014,"BOU00202","BC-11",2023,36,2023-09-05,"BC","L","Cx.","Tarsalis",FALSE,0,1,1,0,0,NA,"BC",NA,NA
"233",15015,"BOU00203","BC-26",2023,36,2023-09-05,"BC","L","Cx.","Tarsalis",FALSE,0,5,5,0,0,NA,"BC",NA,NA
"234",15016,"BOU00204","BC-13",2023,36,2023-09-05,"BC","L","Cx.","Tarsalis",FALSE,0,3,3,0,0,NA,"BC",NA,NA
"235",15017,"BOU00205","BC-27",2023,36,2023-09-05,"BC","L","Cx.","Tarsalis",FALSE,0,2,2,0,0,NA,"BC",NA,NA
"236",15070,"CSU3859",NA,2013,NA,NA,NA,NA,NA,NA,NA,0,0,0,1,0,NA,NA,NA,NA
"237",15071,"CSU3861",NA,2013,NA,NA,NA,NA,NA,NA,NA,0,0,0,1,0,NA,NA,NA,NA
"238",15072,"CSU3864",NA,2013,NA,NA,NA,NA,NA,NA,NA,0,0,0,1,0,NA,NA,NA,NA
"239",15073,"CSU3867",NA,2013,NA,NA,NA,NA,NA,NA,NA,0,0,0,1,0,NA,NA,NA,NA
"240",15074,"CSU3883",NA,2013,NA,NA,NA,NA,NA,NA,NA,0,0,0,1,0,NA,NA,NA,NA
"241",15075,"CSU4030",NA,2013,NA,NA,NA,NA,NA,NA,NA,0,0,0,1,1,NA,NA,NA,NA
"242",15076,"CSU4076",NA,2013,NA,NA,NA,NA,NA,NA,NA,0,0,0,1,1,NA,NA,NA,NA
"243",15077,"CSU4091",NA,2013,NA,NA,NA,NA,NA,NA,NA,0,0,0,1,1,NA,NA,NA,NA
"244",15078,"CSU4193",NA,2013,NA,NA,NA,NA,NA,NA,NA,0,0,0,1,1,NA,NA,NA,NA
"245",15079,"CSU4209",NA,2013,NA,NA,NA,NA,NA,NA,NA,0,0,0,1,1,NA,NA,NA,NA
"246",15080,"CSU4210",NA,2013,NA,NA,NA,NA,NA,NA,NA,0,0,0,1,1,NA,NA,NA,NA
"247",15081,"CSU4234",NA,2013,NA,NA,NA,NA,NA,NA,NA,0,0,0,1,1,NA,NA,NA,NA
"248",15082,"CSU4237",NA,2013,NA,NA,NA,NA,NA,NA,NA,0,0,0,1,1,NA,NA,NA,NA
"249",15083,"CSU4243",NA,2013,NA,NA,NA,NA,NA,NA,NA,0,0,0,1,1,NA,NA,NA,NA
"250",15084,"CSU4247",NA,2013,NA,NA,NA,NA,NA,NA,NA,0,0,0,1,1,NA,NA,NA,NA
"251",15085,"CSU4253",NA,2013,NA,NA,NA,NA,NA,NA,NA,0,0,0,1,1,NA,NA,NA,NA
"252",15086,"CSU4285",NA,2013,NA,NA,NA,NA,NA,NA,NA,0,0,0,1,1,NA,NA,NA,NA
"253",15087,"CSU4289",NA,2013,NA,NA,NA,NA,NA,NA,NA,0,0,0,1,1,NA,NA,NA,NA
"254",15088,"CSU4336",NA,2013,NA,NA,NA,NA,NA,NA,NA,0,0,0,1,1,NA,NA,NA,NA
"255",15089,"CSU4352",NA,2013,NA,NA,NA,NA,NA,NA,NA,0,0,0,1,1,NA,NA,NA,NA
"256",15090,"CSU4365",NA,2013,NA,NA,NA,NA,NA,NA,NA,0,0,0,1,1,NA,NA,NA,NA
"257",15091,"CSU4372",NA,2013,NA,NA,NA,NA,NA,NA,NA,0,0,0,1,1,NA,NA,NA,NA
"258",15092,"CSU4377",NA,2013,NA,NA,NA,NA,NA,NA,NA,0,0,0,1,1,NA,NA,NA,NA
"259",15093,"CSU4384",NA,2013,NA,NA,NA,NA,NA,NA,NA,0,0,0,1,1,NA,NA,NA,NA
"260",15094,"CSU4385",NA,2013,NA,NA,NA,NA,NA,NA,NA,0,0,0,1,1,NA,NA,NA,NA
"261",15095,"CSU4391",NA,2013,NA,NA,NA,NA,NA,NA,NA,0,0,0,1,1,NA,NA,NA,NA
"262",15096,"CSU4395",NA,2013,NA,NA,NA,NA,NA,NA,NA,0,0,0,1,1,NA,NA,NA,NA
"263",15097,"CSU4396",NA,2013,NA,NA,NA,NA,NA,NA,NA,0,0,0,1,1,NA,NA,NA,NA
"264",15098,"CSU4399",NA,2013,NA,NA,NA,NA,NA,NA,NA,0,0,0,1,0,NA,NA,NA,NA
"265",15099,"CSU4400",NA,2013,NA,NA,NA,NA,NA,NA,NA,0,0,0,1,0,NA,NA,NA,NA
"266",15100,"CSU4407",NA,2013,NA,NA,NA,NA,NA,NA,NA,0,0,0,1,0,NA,NA,NA,NA
"267",15101,"CSU4413",NA,2013,NA,NA,NA,NA,NA,NA,NA,0,0,0,1,1,NA,NA,NA,NA
"268",15102,"CSU4434",NA,2013,NA,NA,NA,NA,NA,NA,NA,0,0,0,1,1,NA,NA,NA,NA
"269",15103,"CSU4437",NA,2013,NA,NA,NA,NA,NA,NA,NA,0,0,0,1,1,NA,NA,NA,NA
"270",15104,"CSU4439",NA,2013,NA,NA,NA,NA,NA,NA,NA,0,0,0,1,1,NA,NA,NA,NA
"271",15105,"CSU4441",NA,2013,NA,NA,NA,NA,NA,NA,NA,0,0,0,1,1,NA,NA,NA,NA
"272",15106,"CSU4450",NA,2013,NA,NA,NA,NA,NA,NA,NA,0,0,0,1,1,NA,NA,NA,NA
"273",15107,"CSU4455",NA,2013,NA,NA,NA,NA,NA,NA,NA,0,0,0,1,1,NA,NA,NA,NA
"274",15108,"CSU4456",NA,2013,NA,NA,NA,NA,NA,NA,NA,0,0,0,1,1,NA,NA,NA,NA
"275",15109,"CSU4470",NA,2013,NA,NA,NA,NA,NA,NA,NA,0,0,0,1,1,NA,NA,NA,NA
"276",15110,"CSU4473",NA,2013,NA,NA,NA,NA,NA,NA,NA,0,0,0,1,1,NA,NA,NA,NA
"277",15111,"CSU4474",NA,2013,NA,NA,NA,NA,NA,NA,NA,0,0,0,1,1,NA,NA,NA,NA
"278",15112,"CSU4485",NA,2013,NA,NA,NA,NA,NA,NA,NA,0,0,0,1,1,NA,NA,NA,NA
"279",15113,"CSU4488",NA,2013,NA,NA,NA,NA,NA,NA,NA,0,0,0,1,1,NA,NA,NA,NA
"280",15114,"CSU4491",NA,2013,NA,NA,NA,NA,NA,NA,NA,0,0,0,1,1,NA,NA,NA,NA
"281",15115,"CSU4496",NA,2013,NA,NA,NA,NA,NA,NA,NA,0,0,0,1,1,NA,NA,NA,NA
"282",15116,"CSU4498",NA,2013,NA,NA,NA,NA,NA,NA,NA,0,0,0,1,1,NA,NA,NA,NA
"283",15117,"CSU4501",NA,2013,NA,NA,NA,NA,NA,NA,NA,0,0,0,1,1,NA,NA,NA,NA
"284",15118,"CSU4507",NA,2013,NA,NA,NA,NA,NA,NA,NA,0,0,0,1,1,NA,NA,NA,NA
"285",15119,"CSU4509",NA,2013,NA,NA,NA,NA,NA,NA,NA,0,0,0,1,1,NA,NA,NA,NA
"286",15120,"CSU4515",NA,2013,NA,NA,NA,NA,NA,NA,NA,0,0,0,1,1,NA,NA,NA,NA
"287",15121,"CSU4522",NA,2013,NA,NA,NA,NA,NA,NA,NA,0,0,0,1,1,NA,NA,NA,NA
"288",15122,"CSU4523",NA,2013,NA,NA,NA,NA,NA,NA,NA,0,0,0,1,1,NA,NA,NA,NA
"289",15123,"CSU4535",NA,2013,NA,NA,NA,NA,NA,NA,NA,0,0,0,1,1,NA,NA,NA,NA
"290",15124,"CSU4543",NA,2013,NA,NA,NA,NA,NA,NA,NA,0,0,0,1,1,NA,NA,NA,NA
"291",15125,"CSU4556",NA,2013,NA,NA,NA,NA,NA,NA,NA,0,0,0,1,1,NA,NA,NA,NA
"292",15126,"CSU4563",NA,2013,NA,NA,NA,NA,NA,NA,NA,0,0,0,1,1,NA,NA,NA,NA
"293",15127,"CSU4566",NA,2013,NA,NA,NA,NA,NA,NA,NA,0,0,0,1,1,NA,NA,NA,NA
"294",15128,"CSU4570",NA,2013,NA,NA,NA,NA,NA,NA,NA,0,0,0,1,1,NA,NA,NA,NA
"295",15129,"CSU4588",NA,2013,NA,NA,NA,NA,NA,NA,NA,0,0,0,1,1,NA,NA,NA,NA
"296",15130,"CSU4589",NA,2013,NA,NA,NA,NA,NA,NA,NA,0,0,0,1,1,NA,NA,NA,NA
"297",15131,"CSU4592",NA,2013,NA,NA,NA,NA,NA,NA,NA,0,0,0,1,1,NA,NA,NA,NA
"298",15132,"CSU4593",NA,2013,NA,NA,NA,NA,NA,NA,NA,0,0,0,1,1,NA,NA,NA,NA
"299",15133,"CSU4598",NA,2013,NA,NA,NA,NA,NA,NA,NA,0,0,0,1,1,NA,NA,NA,NA
"300",15134,"CSU4601",NA,2013,NA,NA,NA,NA,NA,NA,NA,0,0,0,1,1,NA,NA,NA,NA
"301",15135,"CSU4606",NA,2013,NA,NA,NA,NA,NA,NA,NA,0,0,0,1,1,NA,NA,NA,NA
"302",15136,"CSU4607",NA,2013,NA,NA,NA,NA,NA,NA,NA,0,0,0,1,1,NA,NA,NA,NA
"303",15137,"CSU4614",NA,2013,NA,NA,NA,NA,NA,NA,NA,0,0,0,1,0,NA,NA,NA,NA
"304",15138,"CSU4615",NA,2013,NA,NA,NA,NA,NA,NA,NA,0,0,0,1,0,NA,NA,NA,NA
"305",15139,"CSU4616",NA,2013,NA,NA,NA,NA,NA,NA,NA,0,0,0,1,0,NA,NA,NA,NA
"306",15140,"CSU4622",NA,2013,NA,NA,NA,NA,NA,NA,NA,0,0,0,1,0,NA,NA,NA,NA
"307",15141,"CSU4624",NA,2013,NA,NA,NA,NA,NA,NA,NA,0,0,0,1,0,NA,NA,NA,NA
"308",15142,"CSU4626",NA,2013,NA,NA,NA,NA,NA,NA,NA,0,0,0,1,1,NA,NA,NA,NA
"309",15143,"CSU4629",NA,2013,NA,NA,NA,NA,NA,NA,NA,0,0,0,1,1,NA,NA,NA,NA
"310",15144,"CSU4632",NA,2013,NA,NA,NA,NA,NA,NA,NA,0,0,0,1,1,NA,NA,NA,NA
"311",15145,"CSU4639",NA,2013,NA,NA,NA,NA,NA,NA,NA,0,0,0,1,1,NA,NA,NA,NA
"312",15146,"CSU4641",NA,2013,NA,NA,NA,NA,NA,NA,NA,0,0,0,1,1,NA,NA,NA,NA
"313",15147,"CSU4642",NA,2013,NA,NA,NA,NA,NA,NA,NA,0,0,0,1,1,NA,NA,NA,NA
"314",15148,"CSU4643",NA,2013,NA,NA,NA,NA,NA,NA,NA,0,0,0,1,1,NA,NA,NA,NA
"315",15149,"CSU4664",NA,2013,NA,NA,NA,NA,NA,NA,NA,0,0,0,1,1,NA,NA,NA,NA
"316",15150,"CSU4684",NA,2013,NA,NA,NA,NA,NA,NA,NA,0,0,0,1,1,NA,NA,NA,NA
"317",15151,"CSU4688",NA,2013,NA,NA,NA,NA,NA,NA,NA,0,0,0,1,1,NA,NA,NA,NA
"318",15152,"CSU4689",NA,2013,NA,NA,NA,NA,NA,NA,NA,0,0,0,1,1,NA,NA,NA,NA
"319",15153,"CSU4690",NA,2013,NA,NA,NA,NA,NA,NA,NA,0,0,0,1,1,NA,NA,NA,NA
"320",15154,"CSU4693",NA,2013,NA,NA,NA,NA,NA,NA,NA,0,0,0,1,1,NA,NA,NA,NA
"321",15155,"CSU4700",NA,2013,NA,NA,NA,NA,NA,NA,NA,0,0,0,1,1,NA,NA,NA,NA
"322",15156,"CSU4701",NA,2013,NA,NA,NA,NA,NA,NA,NA,0,0,0,1,1,NA,NA,NA,NA
"323",15157,"CSU4702",NA,2013,NA,NA,NA,NA,NA,NA,NA,0,0,0,1,1,NA,NA,NA,NA
"324",15158,"CSU4703",NA,2013,NA,NA,NA,NA,NA,NA,NA,0,0,0,1,1,NA,NA,NA,NA
"325",15159,"CSU4713",NA,2013,NA,NA,NA,NA,NA,NA,NA,0,0,0,1,1,NA,NA,NA,NA
"326",15160,"CSU4714",NA,2013,NA,NA,NA,NA,NA,NA,NA,0,0,0,1,1,NA,NA,NA,NA
"327",15161,"CSU4746",NA,2013,NA,NA,NA,NA,NA,NA,NA,0,0,0,1,1,NA,NA,NA,NA
"328",15162,"CSU4756",NA,2013,NA,NA,NA,NA,NA,NA,NA,0,0,0,1,1,NA,NA,NA,NA
"329",15163,"CSU4759",NA,2013,NA,NA,NA,NA,NA,NA,NA,0,0,0,1,0,NA,NA,NA,NA
"330",15164,"CSU4760",NA,2013,NA,NA,NA,NA,NA,NA,NA,0,0,0,1,0,NA,NA,NA,NA
"331",15165,"CSU4763",NA,2013,NA,NA,NA,NA,NA,NA,NA,0,0,0,1,1,NA,NA,NA,NA
"332",15166,"CSU4768",NA,2013,NA,NA,NA,NA,NA,NA,NA,0,0,0,1,1,NA,NA,NA,NA
"333",15167,"CSU4769",NA,2013,NA,NA,NA,NA,NA,NA,NA,0,0,0,1,1,NA,NA,NA,NA
"334",15168,"CSU4776",NA,2013,NA,NA,NA,NA,NA,NA,NA,0,0,0,1,1,NA,NA,NA,NA
"335",15169,"CSU4781",NA,2013,NA,NA,NA,NA,NA,NA,NA,0,0,0,1,0,NA,NA,NA,NA
"336",15170,"CSU4782",NA,2013,NA,NA,NA,NA,NA,NA,NA,0,0,0,1,0,NA,NA,NA,NA
"337",15171,"CSU4788",NA,2013,NA,NA,NA,NA,NA,NA,NA,0,0,0,1,1,NA,NA,NA,NA
"338",15172,"CSU4808",NA,2013,NA,NA,NA,NA,NA,NA,NA,0,0,0,1,1,NA,NA,NA,NA
"339",15173,"CSU4812",NA,2013,NA,NA,NA,NA,NA,NA,NA,0,0,0,1,1,NA,NA,NA,NA
"340",15174,"CSU4813",NA,2013,NA,NA,NA,NA,NA,NA,NA,0,0,0,1,1,NA,NA,NA,NA
"341",15175,"CSU4838",NA,2013,NA,NA,NA,NA,NA,NA,NA,0,0,0,1,1,NA,NA,NA,NA
"342",15176,"CSU4842",NA,2013,NA,NA,NA,NA,NA,NA,NA,0,0,0,1,1,NA,NA,NA,NA
"343",15177,"CSU4847",NA,2013,NA,NA,NA,NA,NA,NA,NA,0,0,0,1,1,NA,NA,NA,NA
"344",15178,"CSU4854",NA,2013,NA,NA,NA,NA,NA,NA,NA,0,0,0,1,1,NA,NA,NA,NA
"345",15179,"CSU4857",NA,2013,NA,NA,NA,NA,NA,NA,NA,0,0,0,1,1,NA,NA,NA,NA
"346",15180,"CSU4858",NA,2013,NA,NA,NA,NA,NA,NA,NA,0,0,0,1,1,NA,NA,NA,NA
"347",15181,"CSU4860",NA,2013,NA,NA,NA,NA,NA,NA,NA,0,0,0,1,1,NA,NA,NA,NA
"348",15182,"CSU4862",NA,2013,NA,NA,NA,NA,NA,NA,NA,0,0,0,1,1,NA,NA,NA,NA
"349",15183,"CSU4870",NA,2013,NA,NA,NA,NA,NA,NA,NA,0,0,0,1,1,NA,NA,NA,NA
"350",15184,"CSU4875",NA,2013,NA,NA,NA,NA,NA,NA,NA,0,0,0,1,1,NA,NA,NA,NA
"351",15185,"CSU4887",NA,2013,NA,NA,NA,NA,NA,NA,NA,0,0,0,1,1,NA,NA,NA,NA
"352",15186,"CSU4899",NA,2013,NA,NA,NA,NA,NA,NA,NA,0,0,0,1,1,NA,NA,NA,NA
"353",15187,"CSU4908",NA,2013,NA,NA,NA,NA,NA,NA,NA,0,0,0,1,1,NA,NA,NA,NA
"354",15188,"CSU4911",NA,2013,NA,NA,NA,NA,NA,NA,NA,0,0,0,1,1,NA,NA,NA,NA
"355",15189,"CSU4912",NA,2013,NA,NA,NA,NA,NA,NA,NA,0,0,0,1,1,NA,NA,NA,NA
"356",15190,"CSU4916",NA,2013,NA,NA,NA,NA,NA,NA,NA,0,0,0,1,1,NA,NA,NA,NA
"357",15191,"CSU4919",NA,2013,NA,NA,NA,NA,NA,NA,NA,0,0,0,1,1,NA,NA,NA,NA
"358",15192,"CSU4924",NA,2013,NA,NA,NA,NA,NA,NA,NA,0,0,0,1,1,NA,NA,NA,NA
"359",15193,"CSU4927",NA,2013,NA,NA,NA,NA,NA,NA,NA,0,0,0,1,0,NA,NA,NA,NA
"360",15194,"CSU4928",NA,2013,NA,NA,NA,NA,NA,NA,NA,0,0,0,1,0,NA,NA,NA,NA
"361",15195,"CSU4929",NA,2013,NA,NA,NA,NA,NA,NA,NA,0,0,0,1,0,NA,NA,NA,NA
"362",15196,"CSU4931",NA,2013,NA,NA,NA,NA,NA,NA,NA,0,0,0,1,1,NA,NA,NA,NA
"363",15197,"CSU4932",NA,2013,NA,NA,NA,NA,NA,NA,NA,0,0,0,1,1,NA,NA,NA,NA
"364",15198,"CSU4934",NA,2013,NA,NA,NA,NA,NA,NA,NA,0,0,0,1,1,NA,NA,NA,NA
"365",15199,"CSU4936",NA,2013,NA,NA,NA,NA,NA,NA,NA,0,0,0,1,1,NA,NA,NA,NA
"366",15200,"CSU4937",NA,2013,NA,NA,NA,NA,NA,NA,NA,0,0,0,1,1,NA,NA,NA,NA
"367",15201,"CSU4940",NA,2013,NA,NA,NA,NA,NA,NA,NA,0,0,0,1,1,NA,NA,NA,NA
"368",15202,"CSU4946",NA,2013,NA,NA,NA,NA,NA,NA,NA,0,0,0,1,1,NA,NA,NA,NA
"369",15203,"CSU4947",NA,2013,NA,NA,NA,NA,NA,NA,NA,0,0,0,1,1,NA,NA,NA,NA
"370",15204,"CSU4950",NA,2013,NA,NA,NA,NA,NA,NA,NA,0,0,0,1,1,NA,NA,NA,NA
"371",15205,"CSU4955",NA,2013,NA,NA,NA,NA,NA,NA,NA,0,0,0,1,1,NA,NA,NA,NA
"372",15206,"CSU4956",NA,2013,NA,NA,NA,NA,NA,NA,NA,0,0,0,1,1,NA,NA,NA,NA
"373",15207,"CSU4960",NA,2013,NA,NA,NA,NA,NA,NA,NA,0,0,0,1,1,NA,NA,NA,NA
"374",15208,"CSU4964",NA,2013,NA,NA,NA,NA,NA,NA,NA,0,0,0,1,1,NA,NA,NA,NA
"375",15209,"CSU4965",NA,2013,NA,NA,NA,NA,NA,NA,NA,0,0,0,1,1,NA,NA,NA,NA
"376",15210,"CSU4967",NA,2013,NA,NA,NA,NA,NA,NA,NA,0,0,0,1,1,NA,NA,NA,NA
"377",15211,"CSU4974",NA,2013,NA,NA,NA,NA,NA,NA,NA,0,0,0,1,1,NA,NA,NA,NA
"378",15212,"CSU4975",NA,2013,NA,NA,NA,NA,NA,NA,NA,0,0,0,1,1,NA,NA,NA,NA
"379",15213,"CSU4978",NA,2013,NA,NA,NA,NA,NA,NA,NA,0,0,0,1,1,NA,NA,NA,NA
"380",15214,"CSU4979",NA,2013,NA,NA,NA,NA,NA,NA,NA,0,0,0,1,1,NA,NA,NA,NA
"381",15215,"CSU4981",NA,2013,NA,NA,NA,NA,NA,NA,NA,0,0,0,1,1,NA,NA,NA,NA
"382",15216,"CSU4983",NA,2013,NA,NA,NA,NA,NA,NA,NA,0,0,0,1,1,NA,NA,NA,NA
"383",15217,"CSU4987",NA,2013,NA,NA,NA,NA,NA,NA,NA,0,0,0,1,1,NA,NA,NA,NA
"384",15218,"CSU4989",NA,2013,NA,NA,NA,NA,NA,NA,NA,0,0,0,1,1,NA,NA,NA,NA
"385",15219,"CSU4991",NA,2013,NA,NA,NA,NA,NA,NA,NA,0,0,0,1,1,NA,NA,NA,NA
"386",15220,"CSU4993",NA,2013,NA,NA,NA,NA,NA,NA,NA,0,0,0,1,1,NA,NA,NA,NA
"387",15221,"CSU4994",NA,2013,NA,NA,NA,NA,NA,NA,NA,0,0,0,1,1,NA,NA,NA,NA
"388",15222,"CSU4999",NA,2013,NA,NA,NA,NA,NA,NA,NA,0,0,0,1,1,NA,NA,NA,NA
"389",15223,"CSU5001",NA,2013,NA,NA,NA,NA,NA,NA,NA,0,0,0,1,1,NA,NA,NA,NA
"390",15224,"CSU5003",NA,2013,NA,NA,NA,NA,NA,NA,NA,0,0,0,1,1,NA,NA,NA,NA
"391",15225,"CSU5004",NA,2013,NA,NA,NA,NA,NA,NA,NA,0,0,0,1,1,NA,NA,NA,NA
"392",15226,"CSU5005",NA,2013,NA,NA,NA,NA,NA,NA,NA,0,0,0,1,1,NA,NA,NA,NA
"393",15227,"CSU5010",NA,2013,NA,NA,NA,NA,NA,NA,NA,0,0,0,1,1,NA,NA,NA,NA
"394",15228,"CSU5024",NA,2013,NA,NA,NA,NA,NA,NA,NA,0,0,0,1,1,NA,NA,NA,NA
"395",15229,"CSU5028",NA,2013,NA,NA,NA,NA,NA,NA,NA,0,0,0,1,1,NA,NA,NA,NA
"396",15230,"CSU5032",NA,2013,NA,NA,NA,NA,NA,NA,NA,0,0,0,1,1,NA,NA,NA,NA
"397",15231,"CSU5039",NA,2013,NA,NA,NA,NA,NA,NA,NA,0,0,0,1,1,NA,NA,NA,NA
"398",15232,"CSU5049",NA,2013,NA,NA,NA,NA,NA,NA,NA,0,0,0,1,1,NA,NA,NA,NA
"399",15233,"CSU5051",NA,2013,NA,NA,NA,NA,NA,NA,NA,0,0,0,1,1,NA,NA,NA,NA
"400",15234,"CSU5059",NA,2013,NA,NA,NA,NA,NA,NA,NA,0,0,0,1,1,NA,NA,NA,NA
"401",15235,"CSU5063",NA,2013,NA,NA,NA,NA,NA,NA,NA,0,0,0,1,1,NA,NA,NA,NA
"402",15236,"CSU5070",NA,2013,NA,NA,NA,NA,NA,NA,NA,0,0,0,1,1,NA,NA,NA,NA
"403",15237,"CSU5071",NA,2013,NA,NA,NA,NA,NA,NA,NA,0,0,0,1,1,NA,NA,NA,NA
"404",15238,"CSU5073",NA,2013,NA,NA,NA,NA,NA,NA,NA,0,0,0,1,1,NA,NA,NA,NA
"405",15239,"CSU5076",NA,2013,NA,NA,NA,NA,NA,NA,NA,0,0,0,1,1,NA,NA,NA,NA
"406",15240,"CSU5078",NA,2013,NA,NA,NA,NA,NA,NA,NA,0,0,0,1,1,NA,NA,NA,NA
"407",15241,"CSU5108",NA,2013,NA,NA,NA,NA,NA,NA,NA,0,0,0,1,1,NA,NA,NA,NA
"408",15242,"CSU5111",NA,2013,NA,NA,NA,NA,NA,NA,NA,0,0,0,1,1,NA,NA,NA,NA
"409",15243,"CSU5126",NA,2013,NA,NA,NA,NA,NA,NA,NA,0,0,0,1,1,NA,NA,NA,NA
"410",15244,"CSU5142",NA,2013,NA,NA,NA,NA,NA,NA,NA,0,0,0,1,1,NA,NA,NA,NA
"411",15245,"CSU5162",NA,2013,NA,NA,NA,NA,NA,NA,NA,0,0,0,1,1,NA,NA,NA,NA
"412",15246,"CSU5166",NA,2013,NA,NA,NA,NA,NA,NA,NA,0,0,0,1,1,NA,NA,NA,NA
"413",15247,"CSU5177",NA,2013,NA,NA,NA,NA,NA,NA,NA,0,0,0,1,1,NA,NA,NA,NA
"414",15248,"CSU5181",NA,2013,NA,NA,NA,NA,NA,NA,NA,0,0,0,1,1,NA,NA,NA,NA
"415",15249,"CSU5183",NA,2013,NA,NA,NA,NA,NA,NA,NA,0,0,0,1,1,NA,NA,NA,NA
"416",15250,"CSU5193",NA,2013,NA,NA,NA,NA,NA,NA,NA,0,0,0,1,1,NA,NA,NA,NA
"417",15251,"CSU5198",NA,2013,NA,NA,NA,NA,NA,NA,NA,0,0,0,1,1,NA,NA,NA,NA
"418",15252,"CSU5200",NA,2013,NA,NA,NA,NA,NA,NA,NA,0,0,0,1,1,NA,NA,NA,NA
"419",15253,"CSU5201",NA,2013,NA,NA,NA,NA,NA,NA,NA,0,0,0,1,1,NA,NA,NA,NA
"420",15254,"CSU5210",NA,2013,NA,NA,NA,NA,NA,NA,NA,0,0,0,1,1,NA,NA,NA,NA
"421",15255,"CSU5236",NA,2013,NA,NA,NA,NA,NA,NA,NA,0,0,0,1,1,NA,NA,NA,NA
"422",15256,"CSU5243",NA,2013,NA,NA,NA,NA,NA,NA,NA,0,0,0,1,1,NA,NA,NA,NA
"423",15257,"CSU5255",NA,2013,NA,NA,NA,NA,NA,NA,NA,0,0,0,1,1,NA,NA,NA,NA
"424",15258,"CSU5266",NA,2013,NA,NA,NA,NA,NA,NA,NA,0,0,0,1,1,NA,NA,NA,NA
"425",15259,"CSU5268",NA,2013,NA,NA,NA,NA,NA,NA,NA,0,0,0,1,1,NA,NA,NA,NA
"426",15260,"CSU5269",NA,2013,NA,NA,NA,NA,NA,NA,NA,0,0,0,1,1,NA,NA,NA,NA
"427",15261,"CSU5271",NA,2013,NA,NA,NA,NA,NA,NA,NA,0,0,0,1,1,NA,NA,NA,NA
"428",15262,"CSU5274",NA,2013,NA,NA,NA,NA,NA,NA,NA,0,0,0,1,1,NA,NA,NA,NA
"429",15263,"CSU5284",NA,2013,NA,NA,NA,NA,NA,NA,NA,0,0,0,1,1,NA,NA,NA,NA
"430",15264,"CSU5297",NA,2013,NA,NA,NA,NA,NA,NA,NA,0,0,0,1,1,NA,NA,NA,NA
"431",15265,"CSU5301",NA,2013,NA,NA,NA,NA,NA,NA,NA,0,0,0,1,1,NA,NA,NA,NA
"432",15266,"CSU5306",NA,2013,NA,NA,NA,NA,NA,NA,NA,0,0,0,1,1,NA,NA,NA,NA
"433",15267,"CSU5308",NA,2013,NA,NA,NA,NA,NA,NA,NA,0,0,0,1,1,NA,NA,NA,NA
"434",15268,"CSU5313",NA,2013,NA,NA,NA,NA,NA,NA,NA,0,0,0,1,1,NA,NA,NA,NA
"435",15269,"CSU5320",NA,2013,NA,NA,NA,NA,NA,NA,NA,0,0,0,1,1,NA,NA,NA,NA
"436",15270,"CSU5325",NA,2013,NA,NA,NA,NA,NA,NA,NA,0,0,0,1,1,NA,NA,NA,NA
"437",15271,"CSU5344",NA,2013,NA,NA,NA,NA,NA,NA,NA,0,0,0,1,1,NA,NA,NA,NA
"438",15272,"CSU5349",NA,2013,NA,NA,NA,NA,NA,NA,NA,0,0,0,1,1,NA,NA,NA,NA
"439",15273,"CSU5358",NA,2013,NA,NA,NA,NA,NA,NA,NA,0,0,0,1,1,NA,NA,NA,NA
"440",15274,"CSU5359",NA,2013,NA,NA,NA,NA,NA,NA,NA,0,0,0,1,1,NA,NA,NA,NA
"441",15275,"CSU5360",NA,2013,NA,NA,NA,NA,NA,NA,NA,0,0,0,1,1,NA,NA,NA,NA
"442",15276,"CSU5361",NA,2013,NA,NA,NA,NA,NA,NA,NA,0,0,0,1,1,NA,NA,NA,NA
"443",15277,"CSU5368",NA,2013,NA,NA,NA,NA,NA,NA,NA,0,0,0,1,1,NA,NA,NA,NA
"444",15278,"CSU5369",NA,2013,NA,NA,NA,NA,NA,NA,NA,0,0,0,1,1,NA,NA,NA,NA
"445",15279,"CSU5384",NA,2013,NA,NA,NA,NA,NA,NA,NA,0,0,0,1,1,NA,NA,NA,NA
"446",15280,"CSU5385",NA,2013,NA,NA,NA,NA,NA,NA,NA,0,0,0,1,1,NA,NA,NA,NA
"447",15281,"CSU5386",NA,2013,NA,NA,NA,NA,NA,NA,NA,0,0,0,1,1,NA,NA,NA,NA
"448",15282,"CSU5392",NA,2013,NA,NA,NA,NA,NA,NA,NA,0,0,0,1,1,NA,NA,NA,NA
"449",15283,"CSU5952",NA,2014,NA,NA,NA,NA,"Cx","Tarsalis",NA,0,0,0,1,1,NA,NA,NA,NA
"450",15284,"CSU6017",NA,2014,NA,NA,NA,NA,"Cx","Tarsalis",NA,0,0,0,1,1,NA,NA,NA,NA
"451",15285,"CSU6034",NA,2014,NA,NA,NA,NA,"Cx","Tarsalis",NA,0,0,0,1,1,NA,NA,NA,NA
"452",15286,"CSU6058",NA,2014,NA,NA,NA,NA,"Cx","Tarsalis",NA,0,0,0,1,1,NA,NA,NA,NA
"453",15287,"CSU6099",NA,2014,NA,NA,NA,NA,"Cx","Tarsalis",NA,0,0,0,1,1,NA,NA,NA,NA
"454",15288,"CSU6189",NA,2014,NA,NA,NA,NA,"Cx","Tarsalis",NA,0,0,0,1,1,NA,NA,NA,NA
"455",15289,"CSU6192",NA,2014,NA,NA,NA,NA,"Cx","Tarsalis",NA,0,0,0,1,1,NA,NA,NA,NA
"456",15290,"CSU6194",NA,2014,NA,NA,NA,NA,"Cx","Tarsalis",NA,0,0,0,1,1,NA,NA,NA,NA
"457",15291,"CSU6226",NA,2014,NA,NA,NA,NA,"Cx","Tarsalis",NA,0,0,0,1,1,NA,NA,NA,NA
"458",15292,"CSU6262",NA,2014,NA,NA,NA,NA,"Cx","Tarsalis",NA,0,0,0,1,1,NA,NA,NA,NA
"459",15293,"CSU6272",NA,2014,NA,NA,NA,NA,"Cx","Tarsalis",NA,0,0,0,1,1,NA,NA,NA,NA
"460",15294,"CSU6290",NA,2014,NA,NA,NA,NA,"Cx","Tarsalis",NA,0,0,0,1,1,NA,NA,NA,NA
"461",15295,"CSU6306",NA,2014,NA,NA,NA,NA,"Cx","Tarsalis",NA,0,0,0,1,1,NA,NA,NA,NA
"462",15296,"CSU6318",NA,2014,NA,NA,NA,NA,"Cx","Tarsalis",NA,0,0,0,1,1,NA,NA,NA,NA
"463",15297,"CSU6326",NA,2014,NA,NA,NA,NA,"Cx","Tarsalis",NA,0,0,0,1,1,NA,NA,NA,NA
"464",15298,"CSU6327",NA,2014,NA,NA,NA,NA,"Cx","Tarsalis",NA,0,0,0,1,1,NA,NA,NA,NA
"465",15299,"CSU6347",NA,2014,NA,NA,NA,NA,"Cx","Tarsalis",NA,0,0,0,1,1,NA,NA,NA,NA
"466",15300,"CSU6354",NA,2014,NA,NA,NA,NA,"Cx","Pipiens",NA,0,0,0,1,1,NA,NA,NA,NA
"467",15301,"CSU6355",NA,2014,NA,NA,NA,NA,"Cx","Pipiens",NA,0,0,0,1,1,NA,NA,NA,NA
"468",15302,"CSU6371",NA,2014,NA,NA,NA,NA,"Cx","Pipiens",NA,0,0,0,1,1,NA,NA,NA,NA
"469",15303,"CSU6372",NA,2014,NA,NA,NA,NA,"Cx","Pipiens",NA,0,0,0,1,1,NA,NA,NA,NA
"470",15304,"CSU6377",NA,2014,NA,NA,NA,NA,"Cx","Tarsalis",NA,0,0,0,1,1,NA,NA,NA,NA
"471",15305,"CSU6387",NA,2014,NA,NA,NA,NA,"Cx","Tarsalis",NA,0,0,0,1,1,NA,NA,NA,NA
"472",15306,"CSU6389",NA,2014,NA,NA,NA,NA,"Cx","Tarsalis",NA,0,0,0,1,1,NA,NA,NA,NA
"473",15307,"CSU6453",NA,2014,NA,NA,NA,NA,"Cx","Tarsalis",NA,0,0,0,1,1,NA,NA,NA,NA
"474",15308,"CSU6485",NA,2014,NA,NA,NA,NA,"Cx","Pipiens",NA,0,0,0,1,1,NA,NA,NA,NA
"475",15309,"CSU6490",NA,2014,NA,NA,NA,NA,"Cx","Tarsalis",NA,0,0,0,1,1,NA,NA,NA,NA
"476",15310,"CSU6492",NA,2014,NA,NA,NA,NA,"Cx","Tarsalis",NA,0,0,0,1,1,NA,NA,NA,NA
"477",15311,"CSU6508",NA,2014,NA,NA,NA,NA,"Cx","Tarsalis",NA,0,0,0,1,1,NA,NA,NA,NA
"478",15312,"CSU6534",NA,2014,NA,NA,NA,NA,"Cx","Tarsalis",NA,0,0,0,1,1,NA,NA,NA,NA
"479",15313,"CSU6535",NA,2014,NA,NA,NA,NA,"Cx","Tarsalis",NA,0,0,0,1,1,NA,NA,NA,NA
"480",15314,"CSU6537",NA,2014,NA,NA,NA,NA,"Cx","Tarsalis",NA,0,0,0,1,1,NA,NA,NA,NA
"481",15315,"CSU6548",NA,2014,NA,NA,NA,NA,"Cx","Tarsalis",NA,0,0,0,1,1,NA,NA,NA,NA
"482",15316,"CSU6556",NA,2014,NA,NA,NA,NA,"Cx","Tarsalis",NA,0,0,0,1,1,NA,NA,NA,NA
"483",15317,"CSU6563",NA,2014,NA,NA,NA,NA,"Cx","Tarsalis",NA,0,0,0,1,1,NA,NA,NA,NA
"484",15318,"CSU6569",NA,2014,NA,NA,NA,NA,"Cx","Tarsalis",NA,0,0,0,1,1,NA,NA,NA,NA
"485",15319,"CSU6578",NA,2014,NA,NA,NA,NA,"Cx","Tarsalis",NA,0,0,0,1,1,NA,NA,NA,NA
"486",15320,"CSU6579",NA,2014,NA,NA,NA,NA,"Cx","Tarsalis",NA,0,0,0,1,1,NA,NA,NA,NA
"487",15321,"CSU6598",NA,2014,NA,NA,NA,NA,"Cx","Pipiens",NA,0,0,0,1,1,NA,NA,NA,NA
"488",15322,"CSU6599",NA,2014,NA,NA,NA,NA,"Cx","Pipiens",NA,0,0,0,1,1,NA,NA,NA,NA
"489",15323,"CSU6607",NA,2014,NA,NA,NA,NA,"Cx","Pipiens",NA,0,0,0,1,1,NA,NA,NA,NA
"490",15324,"CSU6618",NA,2014,NA,NA,NA,NA,"Cx","Pipiens",NA,0,0,0,1,1,NA,NA,NA,NA
"491",15325,"CSU6627",NA,2014,NA,NA,NA,NA,"Cx","Tarsalis",NA,0,0,0,1,1,NA,NA,NA,NA
"492",15326,"CSU6628",NA,2014,NA,NA,NA,NA,"Cx","Pipiens",NA,0,0,0,1,1,NA,NA,NA,NA
"493",15327,"CSU6653",NA,2014,NA,NA,NA,NA,"Cx","Tarsalis",NA,0,0,0,1,1,NA,NA,NA,NA
"494",15328,"CSU6691",NA,2014,NA,NA,NA,NA,"Cx","Tarsalis",NA,0,0,0,1,1,NA,NA,NA,NA
"495",15329,"CSU6692",NA,2014,NA,NA,NA,NA,"Cx","Pipiens",NA,0,0,0,1,1,NA,NA,NA,NA
"496",15330,"CSU6708",NA,2014,NA,NA,NA,NA,"Cx","Pipiens",NA,0,0,0,1,1,NA,NA,NA,NA
"497",15331,"CSU6712",NA,2014,NA,NA,NA,NA,"Cx","Pipiens",NA,0,0,0,1,1,NA,NA,NA,NA
"498",15332,"CSU6732",NA,2014,NA,NA,NA,NA,"Cx","Tarsalis",NA,0,0,0,1,1,NA,NA,NA,NA
"499",15333,"CSU6752",NA,2014,NA,NA,NA,NA,"Cx","Pipiens",NA,0,0,0,1,1,NA,NA,NA,NA
"500",15334,"CSU6762",NA,2014,NA,NA,NA,NA,"Cx","Pipiens",NA,0,0,0,1,1,NA,NA,NA,NA
"501",15335,"CSU6784",NA,2014,NA,NA,NA,NA,"Cx","Pipiens",NA,0,0,0,1,1,NA,NA,NA,NA
"502",15336,"CSU6800",NA,2014,NA,NA,NA,NA,"Cx","Pipiens",NA,0,0,0,1,1,NA,NA,NA,NA
"503",15337,"CSU6803",NA,2014,NA,NA,NA,NA,"Cx","Pipiens",NA,0,0,0,1,1,NA,NA,NA,NA
"504",15338,"CSU6807",NA,2014,NA,NA,NA,NA,"Cx","Pipiens",NA,0,0,0,1,1,NA,NA,NA,NA
"505",15339,"CSU6822",NA,2014,NA,NA,NA,NA,"Cx","Tarsalis",NA,0,0,0,1,1,NA,NA,NA,NA
"506",15340,"CSU6825",NA,2014,NA,NA,NA,NA,"Cx","Tarsalis",NA,0,0,0,1,1,NA,NA,NA,NA
"507",15341,"CSU6836",NA,2014,NA,NA,NA,NA,"Cx","Tarsalis",NA,0,0,0,1,1,NA,NA,NA,NA
"508",15342,"CSU6869",NA,2014,NA,NA,NA,NA,"Cx","Tarsalis",NA,0,0,0,1,1,NA,NA,NA,NA
"509",15343,"CSU6892",NA,2014,NA,NA,NA,NA,"Cx","Pipiens",NA,0,0,0,1,1,NA,NA,NA,NA
"510",15344,"CSU6933",NA,2014,NA,NA,NA,NA,"Cx","Pipiens",NA,0,0,0,1,1,NA,NA,NA,NA
"511",15345,"CSU6934",NA,2014,NA,NA,NA,NA,"Cx","Pipiens",NA,0,0,0,1,1,NA,NA,NA,NA
"512",15346,"CSU6937",NA,2014,NA,NA,NA,NA,"Cx","Tarsalis",NA,0,0,0,1,1,NA,NA,NA,NA
"513",15347,"CSU6942",NA,2014,NA,NA,NA,NA,"Cx","Tarsalis",NA,0,0,0,1,1,NA,NA,NA,NA
"514",15348,"CSU6944",NA,2014,NA,NA,NA,NA,"Cx","Pipiens",NA,0,0,0,1,1,NA,NA,NA,NA
"515",15349,"CSU6958",NA,2014,NA,NA,NA,NA,"Cx","Pipiens",NA,0,0,0,1,1,NA,NA,NA,NA
"516",15350,"CSU6961",NA,2014,NA,NA,NA,NA,"Cx","Tarsalis",NA,0,0,0,1,1,NA,NA,NA,NA
"517",15351,"CSU6841",NA,2014,NA,NA,NA,NA,"Cx","Tarsalis",NA,0,0,0,1,1,NA,NA,NA,NA
"518",15352,"CSU6893",NA,2014,NA,NA,NA,NA,"Cx","Tarsalis",NA,0,0,0,1,1,NA,NA,NA,NA
"519",15353,"CSU6980",NA,2014,NA,NA,NA,NA,"Cx","Pipiens",NA,0,0,0,1,1,NA,NA,NA,NA
"520",15354,"CSU6989",NA,2014,NA,NA,NA,NA,"Cx","Tarsalis",NA,0,0,0,1,1,NA,NA,NA,NA
"521",15355,"CSU7009",NA,2014,NA,NA,NA,NA,"Cx","Tarsalis",NA,0,0,0,1,1,NA,NA,NA,NA
"522",15356,"CSU7013",NA,2014,NA,NA,NA,NA,"Cx","Tarsalis",NA,0,0,0,1,1,NA,NA,NA,NA
"523",15357,"CSU7028",NA,2014,NA,NA,NA,NA,"Cx","Pipiens",NA,0,0,0,1,1,NA,NA,NA,NA
