"csu_id","trap_id","zone","zone2","trap_date","year","week","spp","method","trap_status","total","test_code","copies","cq","seq","notes"
"CSU24108","FC-068","SW","FC",2025-07-24,2025,30,"Tarsalis","L","culex",12,0,0,55.55,0,
"CSU24109","FC-068","SW","FC",2025-07-24,2025,30,"Pipiens","L","culex",4,0,0,55.55,0,
"CSU24110","FC-054","SE","FC",2025-07-24,2025,30,"Tarsalis","L","culex",13,0,0,55.55,0,
"CSU24111","FC-029GR","SE","FC",2025-07-24,2025,30,"Pipiens","G","culex",49,0,0,55.55,0,
"CSU24112","FC-093","SW","FC",2025-07-24,2025,30,"Tarsalis","L","culex",5,0,0,55.55,0,
"CSU24113","FC-093","SW","FC",2025-07-24,2025,30,"Pipiens","L","culex",1,0,0,55.55,0,
"CSU24114","FC-062","SW","FC",2025-07-24,2025,30,"Tarsalis","L","culex",12,0,0,55.55,0,
"CSU24115","FC-089GR","SW","FC",2025-07-24,2025,30,"Pipiens","G","culex",26,0,0,55.55,0,
"CSU24116","FC-071","SW","FC",2025-07-24,2025,30,"Tarsalis","L","culex",4,0,0,55.55,0,
"CSU24117","FC-071","SW","FC",2025-07-24,2025,30,"Pipiens","L","culex",3,0,0,55.55,0,
"CSU24118","FC-001","SW","FC",2025-07-24,2025,30,"Tarsalis","L","culex",11,0,0,55.55,0,
"CSU24119","FC-001","SW","FC",2025-07-24,2025,30,"Pipiens","L","culex",1,0,0,55.55,0,
"CSU24120","FC-057","SW","FC",2025-07-24,2025,30,"Tarsalis","L","culex",4,0,0,55.55,0,
"CSU24121","FC-037","SW","FC",2025-07-24,2025,30,"Tarsalis","L","culex",50,0,0,55.55,0,
"CSU24122","FC-037","SW","FC",2025-07-24,2025,30,"Tarsalis","L","culex",31,0,0,55.55,0,
"CSU24123","FC-037","SW","FC",2025-07-24,2025,30,"Pipiens","L","culex",15,0,0,55.55,0,
"CSU24063","LC-059","BE","BE",2025-07-23,2025,30,"Tarsalis","L","culex",8,0,0,55.55,0,
"CSU24064","LC-059","BE","BE",2025-07-23,2025,30,"Pipiens","L","culex",1,0,0,55.55,0,
"CSU24065","LC-001","BE","BE",2025-07-23,2025,30,"Tarsalis","L","culex",50,0,0,55.55,0,
"CSU24066","LC-001","BE","BE",2025-07-23,2025,30,"Tarsalis","L","culex",18,0,0,55.55,0,
"CSU24067","LC-001","BE","BE",2025-07-23,2025,30,"Pipiens","L","culex",6,0,0,55.55,0,
"CSU24068","LC-049","BE","BE",2025-07-23,2025,30,"Tarsalis","L","culex",50,0,0,55.55,0,
"CSU24069","LC-049","BE","BE",2025-07-23,2025,30,"Tarsalis","L","culex",50,0,0,55.55,0,
"CSU24070","LC-049","BE","BE",2025-07-23,2025,30,"Tarsalis","L","culex",29,0,0,55.55,0,
"CSU24071","LC-049","BE","BE",2025-07-23,2025,30,"Pipiens","L","culex",3,0,0,55.55,0,
"CSU24072","WC-055","BE","BE",2025-07-23,2025,30,"Tarsalis","L","culex",50,0,0,55.55,0,
"CSU24073","WC-055","BE","BE",2025-07-23,2025,30,"Tarsalis","L","culex",7,0,0,55.55,0,
"CSU24074","LC-062","BE","BE",2025-07-23,2025,30,"Tarsalis","L","culex",38,0,0,55.55,0,
"CSU24075","LC-054","BE","BE",2025-07-23,2025,30,"Tarsalis","L","culex",50,0,0,55.55,0,
"CSU24076","LC-054","BE","BE",2025-07-23,2025,30,"Tarsalis","L","culex",46,0,0,55.55,0,
"CSU24077","LC-053","BE","BE",2025-07-23,2025,30,"Tarsalis","L","culex",19,0,0,55.55,0,
"CSU24078","LC-053","BE","BE",2025-07-23,2025,30,"Pipiens","L","culex",2,0,0,55.55,0,
"CSU24079","LC-061","BE","BE",2025-07-23,2025,30,"Tarsalis","L","culex",47,0,0,55.55,0,
"CSU24080","LC-058","BE","BE",2025-07-23,2025,30,"Tarsalis","L","culex",42,0,0,55.55,0,
"CSU24081","LC-060","BE","BE",2025-07-23,2025,30,"Tarsalis","L","culex",40,0,0,55.55,0,
"CSU24082","LC-060","BE","BE",2025-07-23,2025,30,"Pipiens","L","culex",2,0,0,55.55,0,
"CSU24083","FC-073","NW","FC",2025-07-23,2025,30,"Tarsalis","L","culex",16,0,0,55.55,0,
"CSU24084","FC-073","NW","FC",2025-07-23,2025,30,"Pipiens","L","culex",3,0,0,55.55,0,
"CSU24085","LV-020","LV","LV",2025-07-23,2025,30,"Tarsalis","L","culex",50,0,0,55.55,0,
"CSU24086","LV-020","LV","LV",2025-07-23,2025,30,"Tarsalis","L","culex",50,0,0,55.55,0,
"CSU24087","LV-020","LV","LV",2025-07-23,2025,30,"Tarsalis","L","culex",50,0,0,55.55,0,
"CSU24088","LV-020","LV","LV",2025-07-23,2025,30,"Tarsalis","L","culex",50,0,0,55.55,0,
"CSU24089","LV-020","LV","LV",2025-07-23,2025,30,"Tarsalis","L","culex",44,0,0,55.55,0,
"CSU24090","LV-020","LV","LV",2025-07-23,2025,30,"Pipiens","L","culex",10,0,0,55.55,0,
"CSU24091","FC-052","NW","FC",2025-07-23,2025,30,"Tarsalis","L","culex",9,0,0,55.55,0,
"CSU24092","FC-061","NW","FC",2025-07-23,2025,30,"Tarsalis","L","culex",48,0,0,55.55,0,
"CSU24093","FC-061","NW","FC",2025-07-23,2025,30,"Pipiens","L","culex",3,0,0,55.55,0,
"CSU24094","FC-041","NW","FC",2025-07-23,2025,30,"Tarsalis","L","culex",36,0,0,55.55,0,
"CSU24095","FC-041","NW","FC",2025-07-23,2025,30,"Pipiens","L","culex",16,0,0,55.55,0,
"CSU24096","FC-090GR","NW","FC",2025-07-23,2025,30,"Pipiens","G","culex",30,0,0,55.55,0,
"CSU24097","FC-060","NW","FC",2025-07-23,2025,30,"Tarsalis","L","culex",11,0,0,55.55,0,
"CSU24098","FC-060","NW","FC",2025-07-23,2025,30,"Pipiens","L","culex",6,0,0,55.55,0,
"CSU24099","FC-063","NW","FC",2025-07-23,2025,30,"Tarsalis","L","culex",6,0,0,55.55,0,
"CSU24100","FC-063","NW","FC",2025-07-23,2025,30,"Pipiens","L","culex",1,0,0,55.55,0,
"CSU24101","FC-011","NW","FC",2025-07-23,2025,30,"Tarsalis","L","culex",2,0,0,55.55,0,
"CSU24102","FC-011","NW","FC",2025-07-23,2025,30,"Pipiens","L","culex",1,0,0,55.55,0,
"CSU24103","FC-058","SW","FC",2025-07-23,2025,30,"Tarsalis","L","culex",6,0,0,55.55,0,
"CSU24104","FC-058","SW","FC",2025-07-23,2025,30,"Pipiens","L","culex",2,0,0,55.55,0,
"CSU24105","FC-049","SW","FC",2025-07-23,2025,30,"Tarsalis","L","culex",9,0,0,55.55,0,
"CSU24106","FC-049","SW","FC",2025-07-23,2025,30,"Pipiens","L","culex",2,0,0,55.55,0,
"CSU24107","FC-063GR","NW","FC",2025-07-23,2025,30,"Pipiens","G","culex",2,0,0,55.55,0,
"CSU24034","LV-104","LV","LV",2025-07-22,2025,30,"Tarsalis","L","culex",14,0,0,55.55,0,
"CSU24035","LV-104","LV","LV",2025-07-22,2025,30,"Pipiens","L","culex",1,0,0,55.55,0,
"CSU24036","LV-089","LV","LV",2025-07-22,2025,30,"Tarsalis","L","culex",50,0,0,55.55,0,
"CSU24037","LV-089","LV","LV",2025-07-22,2025,30,"Tarsalis","L","culex",12,0,0,55.55,0,
"CSU24038","LV-089","LV","LV",2025-07-22,2025,30,"Pipiens","L","culex",7,0,0,55.55,0,
"CSU24039","LV-110","LV","LV",2025-07-22,2025,30,"Tarsalis","L","culex",50,0,0,55.55,0,
"CSU24040","LV-110","LV","LV",2025-07-22,2025,30,"Tarsalis","L","culex",25,0,0,55.55,0,
"CSU24041","LV-110","LV","LV",2025-07-22,2025,30,"Pipiens","L","culex",1,0,0,55.55,0,
"CSU24042","FC-064","SE","FC",2025-07-22,2025,30,"Tarsalis","L","culex",7,0,0,55.55,0,
"CSU24043","FC-053","SE","FC",2025-07-22,2025,30,"Tarsalis","L","culex",32,0,0,55.55,0,
"CSU24044","FC-075","SE","FC",2025-07-22,2025,30,"Tarsalis","L","culex",22,0,0,55.55,0,
"CSU24045","FC-075","SE","FC",2025-07-22,2025,30,"Pipiens","L","culex",3,0,0,55.55,0,
"CSU24046","FC-075GR","SE","FC",2025-07-22,2025,30,"Pipiens","G","culex",50,0,0,55.55,0,
"CSU24047","FC-075GR","SE","FC",2025-07-22,2025,30,"Pipiens","G","culex",3,0,0,55.55,0,
"CSU24048","FC-039","SE","FC",2025-07-22,2025,30,"Tarsalis","L","culex",37,0,0,55.55,0,
"CSU24049","FC-074","SE","FC",2025-07-22,2025,30,"Tarsalis","L","culex",50,0,0,55.55,0,
"CSU24050","FC-074","SE","FC",2025-07-22,2025,30,"Tarsalis","L","culex",5,0,0,55.55,0,
"CSU24051","FC-074","SE","FC",2025-07-22,2025,30,"Pipiens","L","culex",4,0,0,55.55,0,
"CSU24052","FC-004","SE","FC",2025-07-22,2025,30,"Tarsalis","L","culex",28,0,0,55.55,0,
"CSU24053","FC-004","SE","FC",2025-07-22,2025,30,"Pipiens","L","culex",5,0,0,55.55,0,
"CSU24054","FC-088GR","SE","FC",2025-07-22,2025,30,"Pipiens","G","culex",19,0,0,55.55,0,
"CSU24055","FC-059","SE","FC",2025-07-22,2025,30,"Tarsalis","L","culex",20,0,0,55.55,0,
"CSU24056","FC-050","SE","FC",2025-07-22,2025,30,"Tarsalis","L","culex",5,0,0,55.55,0,
"CSU24057","FC-050","SE","FC",2025-07-22,2025,30,"Pipiens","L","culex",4,0,0,55.55,0,
"CSU24058","FC-047","SE","FC",2025-07-22,2025,30,"Tarsalis","L","culex",6,0,0,55.55,0,
"CSU24059","FC-023","SE","FC",2025-07-22,2025,30,"Tarsalis","L","culex",50,0,0,55.55,0,
"CSU24060","FC-023","SE","FC",2025-07-22,2025,30,"Tarsalis","L","culex",6,0,0,55.55,0,
"CSU24061","FC-031","SE","FC",2025-07-22,2025,30,"Tarsalis","L","culex",32,0,0,55.55,0,
"CSU24062","FC-031","SE","FC",2025-07-22,2025,30,"Pipiens","L","culex",1,0,0,55.55,0,
"BOU00292","BC-11","BC","BC",2025-07-21,2025,30,"Tarsalis","L","culex",2,0,0,55.55,0,
"BOU00293","BC-22","BC","BC",2025-07-21,2025,30,"Tarsalis","L","culex",21,0,0,55.55,0,
"BOU00294","BC-24","BC","BC",2025-07-21,2025,30,"Tarsalis","L","culex",50,0,0,55.55,0,
"BOU00295","BC-25","BC","BC",2025-07-21,2025,30,"Tarsalis","L","culex",50,0,0,55.55,0,
"BOU00296","BC-26","BC","BC",2025-07-21,2025,30,"Tarsalis","L","culex",5,0,0,55.55,0,
"CSU23995","LV-069","LV","LV",2025-07-21,2025,30,"Tarsalis","L","culex",31,0,0,55.55,0,
"CSU23996","LV-069","LV","LV",2025-07-21,2025,30,"Pipiens","L","culex",3,0,0,55.55,0,
"CSU23997","FC-038","NE","FC",2025-07-21,2025,30,"Tarsalis","L","culex",30,0,0,55.55,0,
"CSU23998","FC-038","NE","FC",2025-07-21,2025,30,"Pipiens","L","culex",7,0,0,55.55,0,
"CSU23999","LV-095","LV","LV",2025-07-21,2025,30,"Tarsalis","L","culex",50,0,0,55.55,0,
"CSU24000","LV-095","LV","LV",2025-07-21,2025,30,"Tarsalis","L","culex",50,0,0,55.55,0,
"CSU24001","LV-095","LV","LV",2025-07-21,2025,30,"Tarsalis","L","culex",28,0,0,55.55,0,
"CSU24002","LV-095","LV","LV",2025-07-21,2025,30,"Pipiens","L","culex",6,0,0,55.55,0,
"CSU24003","FC-040","NE","FC",2025-07-21,2025,30,"Tarsalis","L","culex",19,0,0,55.55,0,
"CSU24004","FC-040","NE","FC",2025-07-21,2025,30,"Pipiens","L","culex",1,0,0,55.55,0,
"CSU24005","FC-034","NE","FC",2025-07-21,2025,30,"Tarsalis","L","culex",43,0,0,55.55,0,
"CSU24006","FC-006","NE","FC",2025-07-21,2025,30,"Tarsalis","L","culex",10,0,0,55.55,0,
"CSU24007","FC-006","NE","FC",2025-07-21,2025,30,"Pipiens","L","culex",4,0,0,55.55,0,
"CSU24008","FC-040GR","NE","FC",2025-07-21,2025,30,"Pipiens","G","culex",34,0,0,55.55,0,
"CSU24009","FC-036","NW","FC",2025-07-21,2025,30,"Tarsalis","L","culex",50,0,0,55.55,0,
"CSU24010","FC-036","NW","FC",2025-07-21,2025,30,"Tarsalis","L","culex",6,0,0,55.55,0,
"CSU24011","FC-036","NW","FC",2025-07-21,2025,30,"Pipiens","L","culex",6,0,0,55.55,0,
"CSU24012","FC-072","NE","FC",2025-07-21,2025,30,"Tarsalis","L","culex",44,0,0,55.55,0,
"CSU24013","FC-072","NE","FC",2025-07-21,2025,30,"Pipiens","L","culex",5,0,0,55.55,0,
"CSU24014","FC-092GR","NE","FC",2025-07-21,2025,30,"Pipiens","G","culex",50,0,0,55.55,0,
"CSU24015","FC-092GR","NE","FC",2025-07-21,2025,30,"Pipiens","G","culex",50,0,0,55.55,0,
"CSU24016","FC-092GR","NE","FC",2025-07-21,2025,30,"Pipiens","G","culex",1,0,0,55.55,0,
"CSU24017","FC-067","NE","FC",2025-07-21,2025,30,"Tarsalis","L","culex",21,0,0,55.55,0,
"CSU24018","FC-067","NE","FC",2025-07-21,2025,30,"Pipiens","L","culex",1,0,0,55.55,0,
"CSU24019","FC-091GR","NE","FC",2025-07-21,2025,30,"Pipiens","G","culex",50,0,0,55.55,0,
"CSU24020","FC-091GR","NE","FC",2025-07-21,2025,30,"Pipiens","G","culex",26,0,0,55.55,0,
"CSU24021","FC-066GR","NE","FC",2025-07-21,2025,30,"Pipiens","G","culex",12,0,0,55.55,0,
"CSU24022","FC-019","NE","FC",2025-07-21,2025,30,"Tarsalis","L","culex",18,0,0,55.55,0,
"CSU24023","FC-019","NE","FC",2025-07-21,2025,30,"Pipiens","L","culex",4,0,0,55.55,0,
"CSU24024","FC-014","NE","FC",2025-07-21,2025,30,"Tarsalis","L","culex",50,0,0,55.55,0,
"CSU24025","FC-014","NE","FC",2025-07-21,2025,30,"Tarsalis","L","culex",50,0,0,55.55,0,
"CSU24026","FC-014","NE","FC",2025-07-21,2025,30,"Tarsalis","L","culex",3,0,0,55.55,0,
"CSU24027","FC-014","NE","FC",2025-07-21,2025,30,"Pipiens","L","culex",50,0,0,55.55,0,
"CSU24028","FC-014","NE","FC",2025-07-21,2025,30,"Pipiens","L","culex",50,0,0,55.55,0,
"CSU24029","FC-014","NE","FC",2025-07-21,2025,30,"Pipiens","L","culex",50,0,0,55.55,0,
"CSU24030","FC-014","NE","FC",2025-07-21,2025,30,"Pipiens","L","culex",21,0,0,55.55,0,
"CSU24031","FC-066","NE","FC",2025-07-21,2025,30,"Tarsalis","L","culex",42,0,0,55.55,0,
"CSU24032","FC-066","NE","FC",2025-07-21,2025,30,"Pipiens","L","culex",50,0,0,55.55,0,
"CSU24033","FC-066","NE","FC",2025-07-21,2025,30,"Pipiens","L","culex",7,0,0,55.55,0,
"CSU23976","FC-054","SE","FC",2025-07-17,2025,29,"Tarsalis","L","culex",16,0,0,55.55,0,
"CSU23977","FC-001","SW","FC",2025-07-17,2025,29,"Tarsalis","L","culex",23,0,0,55.55,0,
"CSU23978","FC-029","SE","FC",2025-07-17,2025,29,"Tarsalis","L","culex",50,0,0,55.55,0,
"CSU23979","FC-029","SE","FC",2025-07-17,2025,29,"Tarsalis","L","culex",16,0,0,55.55,0,
"CSU23980","FC-029","SE","FC",2025-07-17,2025,29,"Pipiens","L","culex",12,0,0,55.55,0,
"CSU23981","FC-068","SW","FC",2025-07-17,2025,29,"Tarsalis","L","culex",32,0,0,55.55,0,
"CSU23982","FC-068","SW","FC",2025-07-17,2025,29,"Pipiens","L","culex",4,0,0,55.55,0,
"CSU23983","FC-029GR","SE","FC",2025-07-17,2025,29,"Pipiens","G","culex",29,0,0,55.55,0,
"CSU23984","FC-089GR","SW","FC",2025-07-17,2025,29,"Pipiens","G","culex",18,0,0,55.55,0,
"CSU23985","FC-093","SW","FC",2025-07-17,2025,29,"Tarsalis","L","culex",29,0,0,55.55,0,
"CSU23986","FC-093","SW","FC",2025-07-17,2025,29,"Pipiens","L","culex",10,0,0,55.55,0,
"CSU23987","FC-062","SW","FC",2025-07-17,2025,29,"Tarsalis","L","culex",37,0,0,55.55,0,
"CSU23988","FC-062","SW","FC",2025-07-17,2025,29,"Pipiens","L","culex",12,0,0,55.55,0,
"CSU23989","FC-071","SW","FC",2025-07-17,2025,29,"Tarsalis","L","culex",8,0,0,55.55,0,
"CSU23990","FC-071","SW","FC",2025-07-17,2025,29,"Pipiens","L","culex",6,0,0,55.55,0,
"CSU23991","FC-057","SW","FC",2025-07-17,2025,29,"Tarsalis","L","culex",24,0,0,55.55,0,
"CSU23992","FC-037","SW","FC",2025-07-17,2025,29,"Tarsalis","L","culex",50,0,0,55.55,0,
"CSU23993","FC-037","SW","FC",2025-07-17,2025,29,"Tarsalis","L","culex",25,0,0,55.55,0,
"CSU23994","FC-037","SW","FC",2025-07-17,2025,29,"Pipiens","L","culex",2,0,0,55.55,0,
"CSU23923","LV-020","LV","LV",2025-07-16,2025,29,"Tarsalis","L","culex",5,0,0,55.55,0,
"CSU23924","LC-053","BE","BE",2025-07-16,2025,29,"Tarsalis","L","culex",44,0,0,55.55,0,
"CSU23925","LC-053","BE","BE",2025-07-16,2025,29,"Pipiens","L","culex",2,0,0,55.55,0,
"CSU23926","LC-061","BE","BE",2025-07-16,2025,29,"Tarsalis","L","culex",50,0,0,55.55,0,
"CSU23927","LC-061","BE","BE",2025-07-16,2025,29,"Tarsalis","L","culex",50,0,0,55.55,0,
"CSU23928","LC-061","BE","BE",2025-07-16,2025,29,"Tarsalis","L","culex",21,0,0,55.55,0,
"CSU23929","LC-061","BE","BE",2025-07-16,2025,29,"Pipiens","L","culex",5,0,0,55.55,0,
"CSU23930","LC-062","BE","BE",2025-07-16,2025,29,"Tarsalis","L","culex",50,0,0,55.55,0,
"CSU23931","LC-062","BE","BE",2025-07-16,2025,29,"Tarsalis","L","culex",1,0,0,55.55,0,
"CSU23932","LC-062","BE","BE",2025-07-16,2025,29,"Pipiens","L","culex",2,0,0,55.55,0,
"CSU23933","LC-054","BE","BE",2025-07-16,2025,29,"Tarsalis","L","culex",50,0,0,55.55,0,
"CSU23934","LC-054","BE","BE",2025-07-16,2025,29,"Tarsalis","L","culex",50,0,0,55.55,0,
"CSU23935","LC-054","BE","BE",2025-07-16,2025,29,"Tarsalis","L","culex",4,0,0,55.55,0,
"CSU23936","LC-054","BE","BE",2025-07-16,2025,29,"Pipiens","L","culex",6,0,0,55.55,0,
"CSU23937","LC-058","BE","BE",2025-07-16,2025,29,"Tarsalis","L","culex",46,0,0,55.55,0,
"CSU23938","LC-058","BE","BE",2025-07-16,2025,29,"Pipiens","L","culex",1,0,0,55.55,0,
"CSU23939","LC-001","BE","BE",2025-07-16,2025,29,"Tarsalis","L","culex",50,0,0,55.55,0,
"CSU23940","LC-001","BE","BE",2025-07-16,2025,29,"Tarsalis","L","culex",34,0,0,55.55,0,
"CSU23941","LC-001","BE","BE",2025-07-16,2025,29,"Pipiens","L","culex",4,0,0,55.55,0,
"CSU23942","LC-060","BE","BE",2025-07-16,2025,29,"Tarsalis","L","culex",41,0,0,55.55,0,
"CSU23943","LC-059","BE","BE",2025-07-16,2025,29,"Tarsalis","L","culex",50,0,0,55.55,0,
"CSU23944","LC-059","BE","BE",2025-07-16,2025,29,"Tarsalis","L","culex",40,0,0,55.55,0,
"CSU23945","LC-059","BE","BE",2025-07-16,2025,29,"Pipiens","L","culex",8,0,0,55.55,0,
"CSU23946","WC-055","BE","BE",2025-07-16,2025,29,"Tarsalis","L","culex",44,0,0,55.55,0,
"CSU23947","LC-049","BE","BE",2025-07-16,2025,29,"Tarsalis","L","culex",50,0,0,55.55,0,
"CSU23948","LC-049","BE","BE",2025-07-16,2025,29,"Tarsalis","L","culex",28,0,0,55.55,0,
"CSU23949","LC-049","BE","BE",2025-07-16,2025,29,"Pipiens","L","culex",9,0,0,55.55,0,
"CSU23950","FC-061","NW","FC",2025-07-16,2025,29,"Tarsalis","L","culex",50,0,0,55.55,0,
"CSU23951","FC-061","NW","FC",2025-07-16,2025,29,"Tarsalis","L","culex",47,0,0,55.55,0,
"CSU23952","FC-061","NW","FC",2025-07-16,2025,29,"Pipiens","L","culex",6,0,0,55.55,0,
"CSU23953","FC-052","NW","FC",2025-07-16,2025,29,"Tarsalis","L","culex",13,0,0,55.55,0,
"CSU23954","FC-073","NW","FC",2025-07-16,2025,29,"Tarsalis","L","culex",48,0,0,55.55,0,
"CSU23955","FC-073","NW","FC",2025-07-16,2025,29,"Pipiens","L","culex",4,0,0,55.55,0,
"CSU23956","FC-041","NW","FC",2025-07-16,2025,29,"Tarsalis","L","culex",50,0,0,55.55,0,
"CSU23957","FC-041","NW","FC",2025-07-16,2025,29,"Tarsalis","L","culex",9,0,0,55.55,0,
"CSU23958","FC-041","NW","FC",2025-07-16,2025,29,"Pipiens","L","culex",10,0,0,55.55,0,
"CSU23959","FC-090GR","NW","FC",2025-07-16,2025,29,"Tarsalis","G","culex",2,0,0,55.55,0,
"CSU23960","FC-090GR","NW","FC",2025-07-16,2025,29,"Pipiens","G","culex",50,0,0,55.55,0,
"CSU23961","FC-090GR","NW","FC",2025-07-16,2025,29,"Pipiens","G","culex",24,0,0,55.55,0,
"CSU23962","FC-060","NW","FC",2025-07-16,2025,29,"Tarsalis","L","culex",39,0,0,55.55,0,
"CSU23963","FC-060","NW","FC",2025-07-16,2025,29,"Pipiens","L","culex",5,0,0,55.55,0,
"CSU23964","FC-011","NW","FC",2025-07-16,2025,29,"Tarsalis","L","culex",10,0,0,55.55,0,
"CSU23965","FC-015","NW","FC",2025-07-16,2025,29,"Tarsalis","L","culex",10,0,0,55.55,0,
"CSU23966","FC-015","NW","FC",2025-07-16,2025,29,"Pipiens","L","culex",1,0,0,55.55,0,
"CSU23967","FC-063","NW","FC",2025-07-16,2025,29,"Tarsalis","L","culex",13,0,0,55.55,0,
"CSU23968","FC-063","NW","FC",2025-07-16,2025,29,"Pipiens","L","culex",4,0,0,55.55,0,
"CSU23969","FC-058","SW","FC",2025-07-16,2025,29,"Tarsalis","L","culex",13,0,0,55.55,0,
"CSU23970","FC-058","SW","FC",2025-07-16,2025,29,"Pipiens","L","culex",3,0,0,55.55,0,
"CSU23971","FC-063GR","NW","FC",2025-07-16,2025,29,"Tarsalis","G","culex",1,0,0,55.55,0,
"CSU23972","FC-063GR","NW","FC",2025-07-16,2025,29,"Pipiens","G","culex",50,0,0,55.55,0,
"CSU23973","FC-063GR","NW","FC",2025-07-16,2025,29,"Pipiens","G","culex",29,0,0,55.55,0,
"CSU23974","FC-049","SW","FC",2025-07-16,2025,29,"Tarsalis","L","culex",30,0,1.27,37.47,0,
"CSU23975","FC-049","SW","FC",2025-07-16,2025,29,"Pipiens","L","culex",2,0,0,55.55,0,
"CSU23878","LV-089","LV","LV",2025-07-15,2025,29,"Tarsalis","L","culex",50,0,0,55.55,0,
"CSU23879","LV-089","LV","LV",2025-07-15,2025,29,"Tarsalis","L","culex",48,0,0,55.55,0,
"CSU23880","LV-089","LV","LV",2025-07-15,2025,29,"Pipiens","L","culex",3,0,0,55.55,0,
"CSU23881","LV-104","LV","LV",2025-07-15,2025,29,"Tarsalis","L","culex",50,0,0,55.55,0,
"CSU23882","LV-104","LV","LV",2025-07-15,2025,29,"Tarsalis","L","culex",2,0,0,55.55,0,
"CSU23883","LV-104","LV","LV",2025-07-15,2025,29,"Pipiens","L","culex",2,0,0,55.55,0,
"CSU23884","LV-110","LV","LV",2025-07-15,2025,29,"Tarsalis","L","culex",50,0,0,55.55,0,
"CSU23885","LV-110","LV","LV",2025-07-15,2025,29,"Tarsalis","L","culex",50,0,0,55.55,0,
"CSU23886","LV-110","LV","LV",2025-07-15,2025,29,"Tarsalis","L","culex",2,0,0,55.55,0,
"CSU23887","LV-110","LV","LV",2025-07-15,2025,29,"Pipiens","L","culex",2,0,0,55.55,0,
"CSU23888","FC-039","SE","FC",2025-07-15,2025,29,"Tarsalis","L","culex",50,0,0,55.55,0,
"CSU23889","FC-039","SE","FC",2025-07-15,2025,29,"Tarsalis","L","culex",39,0,0,55.55,0,
"CSU23890","FC-039","SE","FC",2025-07-15,2025,29,"Pipiens","L","culex",1,0,0,55.55,0,
"CSU23891","FC-075","SE","FC",2025-07-15,2025,29,"Tarsalis","L","culex",16,0,0,55.55,0,
"CSU23892","FC-064","SE","FC",2025-07-15,2025,29,"Tarsalis","L","culex",50,0,0,55.55,0,
"CSU23893","FC-064","SE","FC",2025-07-15,2025,29,"Pipiens","L","culex",1,0,0,55.55,0,
"CSU23894","FC-053","SE","FC",2025-07-15,2025,29,"Tarsalis","L","culex",41,0,0,55.55,0,
"CSU23895","FC-075GR","SE","FC",2025-07-15,2025,29,"Pipiens","G","culex",22,0,0,55.55,0,
"CSU23896","FC-027","SE","FC",2025-07-15,2025,29,"Tarsalis","L","culex",18,0,0,55.55,0,
"CSU23897","FC-027","SE","FC",2025-07-15,2025,29,"Pipiens","L","culex",12,0,0,55.55,0,
"CSU23898","FC-004","SE","FC",2025-07-15,2025,29,"Tarsalis","L","culex",50,0,0,55.55,0,
"CSU23899","FC-004","SE","FC",2025-07-15,2025,29,"Tarsalis","L","culex",15,0,0,55.55,0,
"CSU23900","FC-004","SE","FC",2025-07-15,2025,29,"Pipiens","L","culex",20,0,0,55.55,0,
"CSU23901","FC-074","SE","FC",2025-07-15,2025,29,"Tarsalis","L","culex",50,0,0,55.55,0,
"CSU23902","FC-074","SE","FC",2025-07-15,2025,29,"Tarsalis","L","culex",50,0,0,55.55,0,
"CSU23903","FC-074","SE","FC",2025-07-15,2025,29,"Tarsalis","L","culex",5,0,0,55.55,0,
"CSU23904","FC-074","SE","FC",2025-07-15,2025,29,"Pipiens","L","culex",7,0,0,55.55,0,
"CSU23905","FC-088GR","SE","FC",2025-07-15,2025,29,"Tarsalis","G","culex",2,0,0,55.55,0,
"CSU23906","FC-088GR","SE","FC",2025-07-15,2025,29,"Pipiens","G","culex",50,0,0,55.55,0,
"CSU23907","FC-088GR","SE","FC",2025-07-15,2025,29,"Pipiens","G","culex",50,0,0,55.55,0,
"CSU23908","FC-088GR","SE","FC",2025-07-15,2025,29,"Pipiens","G","culex",26,0,0,55.55,0,
"CSU23909","FC-050","SE","FC",2025-07-15,2025,29,"Tarsalis","L","culex",50,0,0,55.55,0,
"CSU23910","FC-050","SE","FC",2025-07-15,2025,29,"Pipiens","L","culex",10,0,0,55.55,0,
"CSU23911","FC-023","SE","FC",2025-07-15,2025,29,"Tarsalis","L","culex",50,0,0,55.55,0,
"CSU23912","FC-023","SE","FC",2025-07-15,2025,29,"Tarsalis","L","culex",35,0,0,55.55,0,
"CSU23913","FC-023","SE","FC",2025-07-15,2025,29,"Pipiens","L","culex",8,0,0,55.55,0,
"CSU23914","FC-047","SE","FC",2025-07-15,2025,29,"Tarsalis","L","culex",50,0,0,55.55,0,
"CSU23915","FC-047","SE","FC",2025-07-15,2025,29,"Tarsalis","L","culex",35,0,0,55.55,0,
"CSU23916","FC-047","SE","FC",2025-07-15,2025,29,"Pipiens","L","culex",3,0,0,55.55,0,
"CSU23917","FC-046","SE","FC",2025-07-15,2025,29,"Tarsalis","L","culex",50,0,0,55.55,0,
"CSU23918","FC-046","SE","FC",2025-07-15,2025,29,"Tarsalis","L","culex",25,0,0,55.55,0,
"CSU23919","FC-046","SE","FC",2025-07-15,2025,29,"Pipiens","L","culex",30,0,0,55.55,0,
"CSU23920","FC-031","SE","FC",2025-07-15,2025,29,"Tarsalis","L","culex",50,0,0,55.55,0,
"CSU23921","FC-031","SE","FC",2025-07-15,2025,29,"Tarsalis","L","culex",28,0,0,55.55,0,
"CSU23922","FC-031","SE","FC",2025-07-15,2025,29,"Pipiens","L","culex",4,0,0,55.55,0,
"BOU00287","BC-20","BC","BC",2025-07-14,2025,29,"Tarsalis","L","culex",49,0,0,55.55,0,
"BOU00288","BC-22","BC","BC",2025-07-14,2025,29,"Tarsalis","L","culex",49,0,0,55.55,0,
"BOU00289","BC-24","BC","BC",2025-07-14,2025,29,"Tarsalis","L","culex",49,0,0,55.55,0,
"BOU00290","BC-25","BC","BC",2025-07-14,2025,29,"Tarsalis","L","culex",49,0,0,55.55,0,
"BOU00291","BC-26","BC","BC",2025-07-14,2025,29,"Tarsalis","L","culex",49,0,0,55.55,0,
"CSU23832","LV-069","LV","LV",2025-07-14,2025,29,"Tarsalis","L","culex",24,0,0,55.55,0,
"CSU23833","LV-095","LV","LV",2025-07-14,2025,29,"Tarsalis","L","culex",50,0,0,55.55,0,
"CSU23834","LV-095","LV","LV",2025-07-14,2025,29,"Tarsalis","L","culex",50,0,0,55.55,0,
"CSU23835","LV-095","LV","LV",2025-07-14,2025,29,"Tarsalis","L","culex",50,0,0,55.55,0,
"CSU23836","LV-095","LV","LV",2025-07-14,2025,29,"Tarsalis","L","culex",35,0,0,55.55,0,
"CSU23837","LV-095","LV","LV",2025-07-14,2025,29,"Pipiens","L","culex",3,0,0,55.55,0,
"CSU23838","FC-038","NE","FC",2025-07-14,2025,29,"Tarsalis","L","culex",38,0,0,55.55,0,
"CSU23839","FC-038","NE","FC",2025-07-14,2025,29,"Pipiens","L","culex",1,0,0,55.55,0,
"CSU23840","FC-069","NE","FC",2025-07-14,2025,29,"Tarsalis","L","culex",5,0,0,55.55,0,
"CSU23841","FC-069","NE","FC",2025-07-14,2025,29,"Pipiens","L","culex",1,0,0,55.55,0,
"CSU23842","FC-040GR","NE","FC",2025-07-14,2025,29,"Tarsalis","G","culex",1,0,0,55.55,0,
"CSU23843","FC-040GR","NE","FC",2025-07-14,2025,29,"Pipiens","G","culex",39,0,0,55.55,0,
"CSU23844","FC-040","NE","FC",2025-07-14,2025,29,"Tarsalis","L","culex",50,0,0,55.55,0,
"CSU23845","FC-040","NE","FC",2025-07-14,2025,29,"Tarsalis","L","culex",43,0,0,55.55,0,
"CSU23846","FC-040","NE","FC",2025-07-14,2025,29,"Pipiens","L","culex",3,0,0,55.55,0,
"CSU23847","FC-006","NE","FC",2025-07-14,2025,29,"Tarsalis","L","culex",7,0,0,55.55,0,
"CSU23848","FC-006","NE","FC",2025-07-14,2025,29,"Pipiens","L","culex",1,0,0,55.55,0,
"CSU23849","FC-034","NE","FC",2025-07-14,2025,29,"Tarsalis","L","culex",50,0,0,55.55,0,
"CSU23850","FC-034","NE","FC",2025-07-14,2025,29,"Tarsalis","L","culex",32,0,0,55.55,0,
"CSU23851","FC-092GR","NE","FC",2025-07-14,2025,29,"Pipiens","G","culex",37,0,0,55.55,0,
"CSU23852","FC-072","NE","FC",2025-07-14,2025,29,"Tarsalis","L","culex",49,0,0,55.55,0,
"CSU23853","FC-072","NE","FC",2025-07-14,2025,29,"Pipiens","L","culex",13,0,0,55.55,0,
"CSU23854","FC-091GR","NE","FC",2025-07-14,2025,29,"Tarsalis","G","culex",1,0,0,55.55,0,
"CSU23855","FC-091GR","NE","FC",2025-07-14,2025,29,"Pipiens","G","culex",50,0,0,55.55,0,
"CSU23856","FC-091GR","NE","FC",2025-07-14,2025,29,"Pipiens","G","culex",5,0,0,55.55,0,
"CSU23857","FC-067","NE","FC",2025-07-14,2025,29,"Tarsalis","L","culex",22,0,0,55.55,0,
"CSU23858","FC-067","NE","FC",2025-07-14,2025,29,"Pipiens","L","culex",4,0,0,55.55,0,
"CSU23859","FC-066GR","NE","FC",2025-07-14,2025,29,"Pipiens","G","culex",5,0,0,55.55,0,
"CSU23860","FC-019","NE","FC",2025-07-14,2025,29,"Tarsalis","L","culex",50,0,0,55.55,0,
"CSU23861","FC-019","NE","FC",2025-07-14,2025,29,"Tarsalis","L","culex",1,0,0,55.55,0,
"CSU23862","FC-019","NE","FC",2025-07-14,2025,29,"Pipiens","L","culex",10,0,0,55.55,0,
"CSU23863","FC-036","NW","FC",2025-07-14,2025,29,"Tarsalis","L","culex",50,0,0,55.55,0,
"CSU23864","FC-036","NW","FC",2025-07-14,2025,29,"Tarsalis","L","culex",50,0,0,55.55,0,
"CSU23865","FC-036","NW","FC",2025-07-14,2025,29,"Tarsalis","L","culex",50,0,0,55.55,0,
"CSU23866","FC-036","NW","FC",2025-07-14,2025,29,"Tarsalis","L","culex",50,0,0,55.55,0,
"CSU23867","FC-036","NW","FC",2025-07-14,2025,29,"Tarsalis","L","culex",16,0,0,55.55,0,
"CSU23868","FC-036","NW","FC",2025-07-14,2025,29,"Pipiens","L","culex",12,0,0,55.55,0,
"CSU23869","FC-014","NE","FC",2025-07-14,2025,29,"Tarsalis","L","culex",50,0,0,55.55,0,
"CSU23870","FC-014","NE","FC",2025-07-14,2025,29,"Tarsalis","L","culex",50,0,0,55.55,0,
"CSU23871","FC-014","NE","FC",2025-07-14,2025,29,"Tarsalis","L","culex",44,0,0,55.55,0,
"CSU23872","FC-014","NE","FC",2025-07-14,2025,29,"Pipiens","L","culex",50,0,0,55.55,0,
"CSU23873","FC-014","NE","FC",2025-07-14,2025,29,"Pipiens","L","culex",37,0,0,55.55,0,
"CSU23874","FC-066","NE","FC",2025-07-14,2025,29,"Tarsalis","L","culex",50,0,0,55.55,0,
"CSU23875","FC-066","NE","FC",2025-07-14,2025,29,"Tarsalis","L","culex",38,0,0,55.55,0,
"CSU23876","FC-066","NE","FC",2025-07-14,2025,29,"Pipiens","L","culex",50,0,0,55.55,0,
"CSU23877","FC-066","NE","FC",2025-07-14,2025,29,"Pipiens","L","culex",20,0,0,55.55,0,
"CSU23804","FC-001","SW","FC",2025-07-10,2025,28,"Tarsalis","L","culex",10,0,0,55.55,0,
"CSU23805","FC-054","SE","FC",2025-07-10,2025,28,"Tarsalis","L","culex",50,0,0,55.55,0,
"CSU23806","FC-054","SE","FC",2025-07-10,2025,28,"Tarsalis","L","culex",24,0,0,55.55,0,
"CSU23807","FC-029","SE","FC",2025-07-10,2025,28,"Tarsalis","L","culex",50,0,0,55.55,0,
"CSU23808","FC-029","SE","FC",2025-07-10,2025,28,"Tarsalis","L","culex",34,0,0,55.55,0,
"CSU23809","FC-068","SW","FC",2025-07-10,2025,28,"Tarsalis","L","culex",23,0,0,55.55,0,
"CSU23810","FC-062","SW","FC",2025-07-10,2025,28,"Tarsalis","L","culex",50,0,0,55.55,0,
"CSU23811","FC-062","SW","FC",2025-07-10,2025,28,"Tarsalis","L","culex",50,0,0,55.55,0,
"CSU23812","FC-062","SW","FC",2025-07-10,2025,28,"Tarsalis","L","culex",12,0,0,55.55,0,
"CSU23813","FC-062","SW","FC",2025-07-10,2025,28,"Pipiens","L","culex",2,0,0,55.55,0,
"CSU23814","FC-093","SW","FC",2025-07-10,2025,28,"Tarsalis","L","culex",43,0,0,55.55,0,
"CSU23815","FC-093","SW","FC",2025-07-10,2025,28,"Pipiens","L","culex",5,0,0,55.55,0,
"CSU23816","FC-089GR","SW","FC",2025-07-10,2025,28,"Tarsalis","G","culex",1,0,0,55.55,0,
"CSU23817","FC-089GR","SW","FC",2025-07-10,2025,28,"Pipiens","G","culex",49,0,0,55.55,0,
"CSU23818","FC-071","SW","FC",2025-07-10,2025,28,"Tarsalis","L","culex",28,0,0,55.55,0,
"CSU23819","FC-029GR","SE","FC",2025-07-10,2025,28,"Tarsalis","G","culex",7,0,0,55.55,0,
"CSU23820","FC-029GR","SE","FC",2025-07-10,2025,28,"Pipiens","G","culex",50,0,0,55.55,0,
"CSU23821","FC-029GR","SE","FC",2025-07-10,2025,28,"Pipiens","G","culex",50,0,0,55.55,0,
"CSU23822","FC-029GR","SE","FC",2025-07-10,2025,28,"Pipiens","G","culex",50,0,0,55.55,0,
"CSU23823","FC-029GR","SE","FC",2025-07-10,2025,28,"Pipiens","G","culex",50,0,0,55.55,0,
"CSU23824","FC-029GR","SE","FC",2025-07-10,2025,28,"Pipiens","G","culex",47,0,0,55.55,0,
"CSU23825","FC-057","SW","FC",2025-07-10,2025,28,"Tarsalis","L","culex",31,0,0,55.55,0,
"CSU23826","FC-037","SW","FC",2025-07-10,2025,28,"Tarsalis","L","culex",50,0,0,55.55,0,
"CSU23827","FC-037","SW","FC",2025-07-10,2025,28,"Tarsalis","L","culex",50,0,0,55.55,0,
"CSU23828","FC-037","SW","FC",2025-07-10,2025,28,"Tarsalis","L","culex",50,0,0,55.55,0,
"CSU23829","FC-037","SW","FC",2025-07-10,2025,28,"Tarsalis","L","culex",50,0,0,55.55,0,
"CSU23830","FC-037","SW","FC",2025-07-10,2025,28,"Tarsalis","L","culex",34,0,0,55.55,0,
"CSU23831","FC-037","SW","FC",2025-07-10,2025,28,"Pipiens","L","culex",1,0,0,55.55,0,
"CSU23753","LC-062","BE","BE",2025-07-09,2025,28,"Tarsalis","L","culex",41,0,0,55.55,0,
"CSU23754","LC-062","BE","BE",2025-07-09,2025,28,"Pipiens","L","culex",1,0,0,55.55,0,
"CSU23755","LC-054","BE","BE",2025-07-09,2025,28,"Tarsalis","L","culex",50,0,0,55.55,0,
"CSU23756","LC-054","BE","BE",2025-07-09,2025,28,"Tarsalis","L","culex",50,0,0,55.55,0,
"CSU23757","LC-054","BE","BE",2025-07-09,2025,28,"Tarsalis","L","culex",10,0,0,55.55,0,
"CSU23758","LV-020","LV","LV",2025-07-09,2025,28,"Tarsalis","L","culex",50,0,0,55.55,0,
"CSU23759","LV-020","LV","LV",2025-07-09,2025,28,"Tarsalis","L","culex",50,0,0,55.55,0,
"CSU23760","LV-020","LV","LV",2025-07-09,2025,28,"Tarsalis","L","culex",26,0,0,55.55,0,
"CSU23761","LV-020","LV","LV",2025-07-09,2025,28,"Pipiens","L","culex",1,0,0,55.55,0,
"CSU23762","LC-053","BE","BE",2025-07-09,2025,28,"Tarsalis","L","culex",50,0,0,55.55,0,
"CSU23763","LC-053","BE","BE",2025-07-09,2025,28,"Tarsalis","L","culex",43,0,0,55.55,0,
"CSU23764","LC-058","BE","BE",2025-07-09,2025,28,"Tarsalis","L","culex",50,0,0,55.55,0,
"CSU23765","LC-058","BE","BE",2025-07-09,2025,28,"Tarsalis","L","culex",24,0,0,55.55,0,
"CSU23766","LC-058","BE","BE",2025-07-09,2025,28,"Pipiens","L","culex",1,0,0,55.55,0,
"CSU23767","WC-055","BE","BE",2025-07-09,2025,28,"Tarsalis","L","culex",4,0,0,55.55,0,
"CSU23768","LC-061","BE","BE",2025-07-09,2025,28,"Tarsalis","L","culex",50,0,0,55.55,0,
"CSU23769","LC-061","BE","BE",2025-07-09,2025,28,"Tarsalis","L","culex",50,0,0,55.55,0,
"CSU23770","LC-061","BE","BE",2025-07-09,2025,28,"Tarsalis","L","culex",42,0,0,55.55,0,
"CSU23771","LC-049","BE","BE",2025-07-09,2025,28,"Tarsalis","L","culex",50,0,0,55.55,0,
"CSU23772","LC-049","BE","BE",2025-07-09,2025,28,"Tarsalis","L","culex",50,0,0,55.55,0,
"CSU23773","LC-049","BE","BE",2025-07-09,2025,28,"Tarsalis","L","culex",43,0,0,55.55,0,
"CSU23774","LC-049","BE","BE",2025-07-09,2025,28,"Pipiens","L","culex",10,0,0,55.55,0,
"CSU23775","LC-001","BE","BE",2025-07-09,2025,28,"Tarsalis","L","culex",50,0,0,55.55,0,
"CSU23776","LC-001","BE","BE",2025-07-09,2025,28,"Tarsalis","L","culex",50,0,0,55.55,0,
"CSU23777","LC-001","BE","BE",2025-07-09,2025,28,"Tarsalis","L","culex",1,0,0,55.55,0,
"CSU23778","LC-001","BE","BE",2025-07-09,2025,28,"Pipiens","L","culex",2,0,0,55.55,0,
"CSU23779","FC-052","NW","FC",2025-07-09,2025,28,"Tarsalis","L","culex",4,0,0,55.55,0,
"CSU23780","LC-060","BE","BE",2025-07-09,2025,28,"Tarsalis","L","culex",50,0,0,55.55,0,
"CSU23781","LC-060","BE","BE",2025-07-09,2025,28,"Tarsalis","L","culex",19,0,0,55.55,0,
"CSU23782","LC-059","BE","BE",2025-07-09,2025,28,"Tarsalis","L","culex",50,0,0,55.55,0,
"CSU23783","LC-059","BE","BE",2025-07-09,2025,28,"Tarsalis","L","culex",1,0,0,55.55,0,
"CSU23784","LC-059","BE","BE",2025-07-09,2025,28,"Pipiens","L","culex",4,0,0,55.55,0,
"CSU23785","FC-061","NW","FC",2025-07-09,2025,28,"Tarsalis","L","culex",32,0,0,55.55,0,
"CSU23786","FC-061","NW","FC",2025-07-09,2025,28,"Pipiens","L","culex",13,0,0,55.55,0,
"CSU23787","FC-041","NW","FC",2025-07-09,2025,28,"Tarsalis","L","culex",35,0,0,55.55,0,
"CSU23788","FC-041","NW","FC",2025-07-09,2025,28,"Pipiens","L","culex",14,0,0,55.55,0,
"CSU23789","FC-090GR","NW","FC",2025-07-09,2025,28,"Pipiens","G","culex",35,0,0,55.55,0,
"CSU23790","FC-063","NW","FC",2025-07-09,2025,28,"Tarsalis","L","culex",3,0,0,55.55,0,
"CSU23791","FC-063","NW","FC",2025-07-09,2025,28,"Pipiens","L","culex",2,0,0,55.55,0,
"CSU23792","FC-011","NW","FC",2025-07-09,2025,28,"Tarsalis","L","culex",5,0,0,55.55,0,
"CSU23793","FC-011","NW","FC",2025-07-09,2025,28,"Pipiens","L","culex",1,0,0,55.55,0,
"CSU23794","FC-015","NW","FC",2025-07-09,2025,28,"Tarsalis","L","culex",25,0,0,55.55,0,
"CSU23795","FC-015","NW","FC",2025-07-09,2025,28,"Pipiens","L","culex",2,0,0,55.55,0,
"CSU23796","FC-063GR","NW","FC",2025-07-09,2025,28,"Pipiens","G","culex",50,0,0,55.55,0,
"CSU23797","FC-063GR","NW","FC",2025-07-09,2025,28,"Pipiens","G","culex",50,0,0,55.55,0,
"CSU23798","FC-063GR","NW","FC",2025-07-09,2025,28,"Pipiens","G","culex",2,0,0,55.55,0,
"CSU23799","FC-058","SW","FC",2025-07-09,2025,28,"Tarsalis","L","culex",29,0,0,55.55,0,
"CSU23800","FC-058","SW","FC",2025-07-09,2025,28,"Pipiens","L","culex",3,0,0,55.55,0,
"CSU23801","FC-049","SW","FC",2025-07-09,2025,28,"Tarsalis","L","culex",50,0,0,55.55,0,
"CSU23802","FC-049","SW","FC",2025-07-09,2025,28,"Tarsalis","L","culex",6,0,0,55.55,0,
"CSU23803","FC-049","SW","FC",2025-07-09,2025,28,"Pipiens","L","culex",8,0,0,55.55,0,
"CSU23696","LV-089","LV","LV",2025-07-08,2025,28,"Tarsalis","L","culex",30,0,0,55.55,0,
"CSU23697","LV-089","LV","LV",2025-07-08,2025,28,"Pipiens","L","culex",1,0,0,55.55,0,
"CSU23698","LV-104","LV","LV",2025-07-08,2025,28,"Tarsalis","L","culex",50,0,0,55.55,0,
"CSU23699","LV-104","LV","LV",2025-07-08,2025,28,"Tarsalis","L","culex",50,0,0,55.55,0,
"CSU23700","LV-104","LV","LV",2025-07-08,2025,28,"Tarsalis","L","culex",33,0,0,55.55,0,
"CSU23701","LV-104","LV","LV",2025-07-08,2025,28,"Pipiens","L","culex",1,0,0,55.55,0,
"CSU23702","LV-110","LV","LV",2025-07-08,2025,28,"Tarsalis","L","culex",50,0,0,55.55,0,
"CSU23703","LV-110","LV","LV",2025-07-08,2025,28,"Tarsalis","L","culex",50,0,0,55.55,0,
"CSU23704","LV-110","LV","LV",2025-07-08,2025,28,"Tarsalis","L","culex",30,0,0,55.55,0,
"CSU23705","LV-110","LV","LV",2025-07-08,2025,28,"Pipiens","L","culex",3,0,0,55.55,0,
"CSU23706","FC-053","SE","FC",2025-07-08,2025,28,"Tarsalis","L","culex",39,0,0,55.55,0,
"CSU23707","FC-075GR","SE","FC",2025-07-08,2025,28,"Tarsalis","G","culex",1,0,0,55.55,0,
"CSU23708","FC-075GR","SE","FC",2025-07-08,2025,28,"Pipiens","G","culex",11,0,0,55.55,0,
"CSU23709","FC-075","SE","FC",2025-07-08,2025,28,"Tarsalis","L","culex",50,0,0,55.55,0,
"CSU23710","FC-075","SE","FC",2025-07-08,2025,28,"Tarsalis","L","culex",50,0,0,55.55,0,
"CSU23711","FC-075","SE","FC",2025-07-08,2025,28,"Tarsalis","L","culex",22,0,0,55.55,0,
"CSU23712","FC-075","SE","FC",2025-07-08,2025,28,"Pipiens","L","culex",8,0,0,55.55,0,
"CSU23713","FC-004","SE","FC",2025-07-08,2025,28,"Tarsalis","L","culex",50,0,0,55.55,0,
"CSU23714","FC-004","SE","FC",2025-07-08,2025,28,"Tarsalis","L","culex",5,0,0,55.55,0,
"CSU23715","FC-004","SE","FC",2025-07-08,2025,28,"Pipiens","L","culex",3,0,0,55.55,0,
"CSU23716","FC-027","SE","FC",2025-07-08,2025,28,"Tarsalis","L","culex",48,0,0,55.55,0,
"CSU23717","FC-027","SE","FC",2025-07-08,2025,28,"Pipiens","L","culex",19,0,0,55.55,0,
"CSU23718","FC-064","SE","FC",2025-07-08,2025,28,"Tarsalis","L","culex",50,0,0,55.55,0,
"CSU23719","FC-064","SE","FC",2025-07-08,2025,28,"Tarsalis","L","culex",50,0,0,55.55,0,
"CSU23720","FC-064","SE","FC",2025-07-08,2025,28,"Tarsalis","L","culex",50,0,1.73,36.86,0,
"CSU23721","FC-064","SE","FC",2025-07-08,2025,28,"Tarsalis","L","culex",50,0,0,55.55,0,
"CSU23722","FC-064","SE","FC",2025-07-08,2025,28,"Tarsalis","L","culex",50,0,0,55.55,0,
"CSU23723","FC-064","SE","FC",2025-07-08,2025,28,"Tarsalis","L","culex",1,0,0,55.55,0,
"CSU23724","FC-064","SE","FC",2025-07-08,2025,28,"Pipiens","L","culex",9,0,0,55.55,0,
"CSU23725","FC-059","SE","FC",2025-07-08,2025,28,"Tarsalis","L","culex",7,0,0,55.55,0,
"CSU23726","FC-059","SE","FC",2025-07-08,2025,28,"Pipiens","L","culex",2,0,0,55.55,0,
"CSU23727","FC-023","SE","FC",2025-07-08,2025,28,"Tarsalis","L","culex",27,0,0,55.55,0,
"CSU23728","FC-023","SE","FC",2025-07-08,2025,28,"Pipiens","L","culex",1,0,0,55.55,0,
"CSU23729","FC-088GR","SE","FC",2025-07-08,2025,28,"Tarsalis","G","culex",2,0,0,55.55,0,
"CSU23730","FC-088GR","SE","FC",2025-07-08,2025,28,"Pipiens","G","culex",50,0,0,55.55,0,
"CSU23731","FC-088GR","SE","FC",2025-07-08,2025,28,"Pipiens","G","culex",50,0,0,55.55,0,
"CSU23732","FC-088GR","SE","FC",2025-07-08,2025,28,"Pipiens","G","culex",9,0,0,55.55,0,
"CSU23733","FC-039","SE","FC",2025-07-08,2025,28,"Tarsalis","L","culex",50,0,0,55.55,0,
"CSU23734","FC-039","SE","FC",2025-07-08,2025,28,"Tarsalis","L","culex",50,0,0,55.55,0,
"CSU23735","FC-039","SE","FC",2025-07-08,2025,28,"Tarsalis","L","culex",50,0,0,55.55,0,
"CSU23736","FC-039","SE","FC",2025-07-08,2025,28,"Tarsalis","L","culex",50,0,0,55.55,0,
"CSU23737","FC-039","SE","FC",2025-07-08,2025,28,"Tarsalis","L","culex",50,0,0,55.55,0,
"CSU23738","FC-039","SE","FC",2025-07-08,2025,28,"Tarsalis","L","culex",38,0,0,55.55,0,
"CSU23739","FC-039","SE","FC",2025-07-08,2025,28,"Pipiens","L","culex",4,0,0,55.55,0,
"CSU23740","FC-046","SE","FC",2025-07-08,2025,28,"Tarsalis","L","culex",50,0,0,55.55,0,
"CSU23741","FC-046","SE","FC",2025-07-08,2025,28,"Tarsalis","L","culex",50,0,0,55.55,0,
"CSU23742","FC-046","SE","FC",2025-07-08,2025,28,"Tarsalis","L","culex",38,0,0,55.55,0,
"CSU23743","FC-046","SE","FC",2025-07-08,2025,28,"Pipiens","L","culex",29,0,0,55.55,0,
"CSU23744","FC-047","SE","FC",2025-07-08,2025,28,"Tarsalis","L","culex",50,0,0,55.55,0,
"CSU23745","FC-047","SE","FC",2025-07-08,2025,28,"Tarsalis","L","culex",50,0,0,55.55,0,
"CSU23746","FC-047","SE","FC",2025-07-08,2025,28,"Tarsalis","L","culex",16,0,0,55.55,0,
"CSU23747","FC-047","SE","FC",2025-07-08,2025,28,"Pipiens","L","culex",8,0,0,55.55,0,
"CSU23748","FC-031","SE","FC",2025-07-08,2025,28,"Tarsalis","L","culex",50,0,0,55.55,0,
"CSU23749","FC-031","SE","FC",2025-07-08,2025,28,"Tarsalis","L","culex",50,0,0,55.55,0,
"CSU23750","FC-031","SE","FC",2025-07-08,2025,28,"Tarsalis","L","culex",50,0,0,55.55,0,
"CSU23751","FC-031","SE","FC",2025-07-08,2025,28,"Tarsalis","L","culex",50,0,0,55.55,0,
"CSU23752","FC-031","SE","FC",2025-07-08,2025,28,"Tarsalis","L","culex",42,0,0,55.55,0,
"BOU00281","BC-11","BC","BC",2025-07-07,2025,28,"Tarsalis","L","culex",49,0,0,55.55,0,
"BOU00282","BC-22","BC","BC",2025-07-07,2025,28,"Tarsalis","L","culex",38,0,0,55.55,0,
"BOU00283","BC-25","BC","BC",2025-07-07,2025,28,"Tarsalis","L","culex",49,0,0,55.55,0,
"BOU00284","BC-13","BC","BC",2025-07-07,2025,28,"Tarsalis","L","culex",49,0,0,55.55,0,
"BOU00285","BC-24","BC","BC",2025-07-07,2025,28,"Tarsalis","L","culex",49,0,0,55.55,0,
"BOU00286","BC-24","BC","BC",2025-07-07,2025,28,"Tarsalis","L","culex",49,0,0,55.55,0,
"CSU23665","LV-069","LV","LV",2025-07-07,2025,28,"Tarsalis","L","culex",13,0,0,55.55,0,
"CSU23666","LV-095","LV","LV",2025-07-07,2025,28,"Tarsalis","L","culex",50,0,0,55.55,0,
"CSU23667","LV-095","LV","LV",2025-07-07,2025,28,"Tarsalis","L","culex",50,0,0,55.55,0,
"CSU23668","LV-095","LV","LV",2025-07-07,2025,28,"Tarsalis","L","culex",45,0,0,55.55,0,
"CSU23669","LV-095","LV","LV",2025-07-07,2025,28,"Pipiens","L","culex",2,0,0,55.55,0,
"CSU23670","FC-040","NE","FC",2025-07-07,2025,28,"Tarsalis","L","culex",50,0,0,55.55,0,
"CSU23671","FC-040","NE","FC",2025-07-07,2025,28,"Tarsalis","L","culex",31,0,0,55.55,0,
"CSU23672","FC-040","NE","FC",2025-07-07,2025,28,"Pipiens","L","culex",6,0,0,55.55,0,
"CSU23673","FC-038","NE","FC",2025-07-07,2025,28,"Tarsalis","L","culex",50,0,0,55.55,0,
"CSU23674","FC-038","NE","FC",2025-07-07,2025,28,"Tarsalis","L","culex",20,0,0,55.55,0,
"CSU23675","FC-038","NE","FC",2025-07-07,2025,28,"Pipiens","L","culex",10,0,0,55.55,0,
"CSU23676","FC-069","NE","FC",2025-07-07,2025,28,"Tarsalis","L","culex",16,0,0,55.55,0,
"CSU23677","FC-040GR","NE","FC",2025-07-07,2025,28,"Pipiens","G","culex",10,0,0,55.55,0,
"CSU23678","FC-036","NW","FC",2025-07-07,2025,28,"Tarsalis","L","culex",13,0,0,55.55,0,
"CSU23679","FC-091GR","NE","FC",2025-07-07,2025,28,"Pipiens","G","culex",6,0,0,55.55,0,
"CSU23680","FC-006","NE","FC",2025-07-07,2025,28,"Tarsalis","L","culex",15,0,0,55.55,0,
"CSU23681","FC-006","NE","FC",2025-07-07,2025,28,"Pipiens","L","culex",5,0,0,55.55,0,
"CSU23682","FC-092GR","NE","FC",2025-07-07,2025,28,"Pipiens","G","culex",22,0,0,55.55,0,
"CSU23683","FC-066GR","NE","FC",2025-07-07,2025,28,"Pipiens","G","culex",5,0,0,55.55,0,
"CSU23684","FC-067","NE","FC",2025-07-07,2025,28,"Tarsalis","L","culex",46,0,0,55.55,0,
"CSU23685","FC-067","NE","FC",2025-07-07,2025,28,"Pipiens","L","culex",2,0,0,55.55,0,
"CSU23686","FC-019","NE","FC",2025-07-07,2025,28,"Tarsalis","L","culex",49,0,0,55.55,0,
"CSU23687","FC-019","NE","FC",2025-07-07,2025,28,"Pipiens","L","culex",8,0,0,55.55,0,
"CSU23688","FC-072","NE","FC",2025-07-07,2025,28,"Tarsalis","L","culex",50,0,0,55.55,0,
"CSU23689","FC-072","NE","FC",2025-07-07,2025,28,"Tarsalis","L","culex",18,0,0,55.55,0,
"CSU23690","FC-072","NE","FC",2025-07-07,2025,28,"Pipiens","L","culex",16,0,0,55.55,0,
"CSU23691","FC-014","NE","FC",2025-07-07,2025,28,"Tarsalis","L","culex",50,0,0,55.55,0,
"CSU23692","FC-014","NE","FC",2025-07-07,2025,28,"Tarsalis","L","culex",35,0,0,55.55,0,
"CSU23693","FC-014","NE","FC",2025-07-07,2025,28,"Pipiens","L","culex",16,0,0,55.55,0,
"CSU23694","FC-066","NE","FC",2025-07-07,2025,28,"Tarsalis","L","culex",35,0,0,55.55,0,
"CSU23695","FC-066","NE","FC",2025-07-07,2025,28,"Pipiens","L","culex",33,0,0,55.55,0,
"CSU23640","FC-001","SW","FC",2025-07-03,2025,27,"Tarsalis","L","culex",5,0,0,55.55,0,
"CSU23641","FC-001","SW","FC",2025-07-03,2025,27,"Pipiens","L","culex",2,0,0,55.55,0,
"CSU23642","FC-054","SE","FC",2025-07-03,2025,27,"Tarsalis","L","culex",19,0,0,55.55,0,
"CSU23643","FC-068","SW","FC",2025-07-03,2025,27,"Tarsalis","L","culex",8,0,0,55.55,0,
"CSU23644","FC-029","SE","FC",2025-07-03,2025,27,"Tarsalis","L","culex",39,0,0,55.55,0,
"CSU23645","FC-029","SE","FC",2025-07-03,2025,27,"Pipiens","L","culex",5,0,0,55.55,0,
"CSU23646","FC-029GR","SE","FC",2025-07-03,2025,27,"Pipiens","G","culex",50,0,0,55.55,0,
"CSU23647","FC-029GR","SE","FC",2025-07-03,2025,27,"Pipiens","G","culex",50,0,0,55.55,0,
"CSU23648","FC-029GR","SE","FC",2025-07-03,2025,27,"Pipiens","G","culex",33,0,0,55.55,0,
"CSU23649","FC-062","SW","FC",2025-07-03,2025,27,"Tarsalis","L","culex",21,0,0,55.55,0,
"CSU23650","FC-062","SW","FC",2025-07-03,2025,27,"Pipiens","L","culex",2,0,0,55.55,0,
"CSU23651","FC-089GR","SW","FC",2025-07-03,2025,27,"Tarsalis","G","culex",1,0,0,55.55,0,
"CSU23652","FC-089GR","SW","FC",2025-07-03,2025,27,"Pipiens","G","culex",27,0,0,55.55,0,
"CSU23653","FC-071","SW","FC",2025-07-03,2025,27,"Tarsalis","L","culex",12,0,0,55.55,0,
"CSU23654","FC-093","SW","FC",2025-07-03,2025,27,"Tarsalis","L","culex",42,0,0,55.55,0,
"CSU23655","FC-093","SW","FC",2025-07-03,2025,27,"Pipiens","L","culex",3,0,0,55.55,0,
"CSU23656","FC-057","SW","FC",2025-07-03,2025,27,"Tarsalis","L","culex",19,0,0,55.55,0,
"CSU23657","FC-037","SW","FC",2025-07-03,2025,27,"Tarsalis","L","culex",50,0,0,55.55,0,
"CSU23658","FC-037","SW","FC",2025-07-03,2025,27,"Tarsalis","L","culex",50,0,0,55.55,0,
"CSU23659","FC-037","SW","FC",2025-07-03,2025,27,"Tarsalis","L","culex",50,0,0,55.55,0,
"CSU23660","FC-037","SW","FC",2025-07-03,2025,27,"Tarsalis","L","culex",50,0,0,55.55,0,
"CSU23661","FC-037","SW","FC",2025-07-03,2025,27,"Tarsalis","L","culex",50,0,0,55.55,0,
"CSU23662","FC-037","SW","FC",2025-07-03,2025,27,"Tarsalis","L","culex",50,0,0,55.55,0,
"CSU23663","FC-037","SW","FC",2025-07-03,2025,27,"Tarsalis","L","culex",20,0,0,55.55,0,
"CSU23664","FC-037","SW","FC",2025-07-03,2025,27,"Pipiens","L","culex",13,0,0,55.55,0,
"CSU23585","LC-059","BE","BE",2025-07-02,2025,27,"Tarsalis","L","culex",38,0,0,55.55,0,
"CSU23586","LC-059","BE","BE",2025-07-02,2025,27,"Pipiens","L","culex",1,0,0,55.55,0,
"CSU23587","LC-060","BE","BE",2025-07-02,2025,27,"Tarsalis","L","culex",38,0,0,55.55,0,
"CSU23588","LC-060","BE","BE",2025-07-02,2025,27,"Pipiens","L","culex",1,0,0,55.55,0,
"CSU23589","LC-054","BE","BE",2025-07-02,2025,27,"Tarsalis","L","culex",50,0,0,55.55,0,
"CSU23590","LC-054","BE","BE",2025-07-02,2025,27,"Tarsalis","L","culex",50,0,0,55.55,0,
"CSU23591","LC-054","BE","BE",2025-07-02,2025,27,"Tarsalis","L","culex",8,0,0,55.55,0,
"CSU23592","LC-054","BE","BE",2025-07-02,2025,27,"Pipiens","L","culex",3,0,0,55.55,0,
"CSU23593","LC-061","BE","BE",2025-07-02,2025,27,"Tarsalis","L","culex",50,0,0,55.55,0,
"CSU23594","LC-061","BE","BE",2025-07-02,2025,27,"Tarsalis","L","culex",50,0,0,55.55,0,
"CSU23595","LC-061","BE","BE",2025-07-02,2025,27,"Tarsalis","L","culex",50,0,0,55.55,0,
"CSU23596","LC-061","BE","BE",2025-07-02,2025,27,"Tarsalis","L","culex",5,0,0,55.55,0,
"CSU23597","WC-055","BE","BE",2025-07-02,2025,27,"Tarsalis","L","culex",28,0,0,55.55,0,
"CSU23598","LC-058","BE","BE",2025-07-02,2025,27,"Tarsalis","L","culex",17,0,0,55.55,0,
"CSU23599","LC-058","BE","BE",2025-07-02,2025,27,"Pipiens","L","culex",1,0,44318172,13.13,0,"No Amp"
"CSU23600","LC-049","BE","BE",2025-07-02,2025,27,"Tarsalis","L","culex",7,0,0,55.55,0,
"CSU23601","LV-020","LV","LV",2025-07-02,2025,27,"Tarsalis","L","culex",50,0,0,55.55,0,
"CSU23602","LV-020","LV","LV",2025-07-02,2025,27,"Tarsalis","L","culex",50,0,0,55.55,0,
"CSU23603","LV-020","LV","LV",2025-07-02,2025,27,"Tarsalis","L","culex",50,0,0,55.55,0,
"CSU23604","LV-020","LV","LV",2025-07-02,2025,27,"Tarsalis","L","culex",50,0,0,55.55,0,
"CSU23605","LV-020","LV","LV",2025-07-02,2025,27,"Tarsalis","L","culex",50,0,0,55.55,0,
"CSU23606","LV-020","LV","LV",2025-07-02,2025,27,"Tarsalis","L","culex",50,0,0,55.55,0,
"CSU23607","LV-020","LV","LV",2025-07-02,2025,27,"Tarsalis","L","culex",50,0,0,55.55,0,
"CSU23608","LV-020","LV","LV",2025-07-02,2025,27,"Tarsalis","L","culex",50,0,0,55.55,0,
"CSU23609","LV-020","LV","LV",2025-07-02,2025,27,"Tarsalis","L","culex",50,0,0,55.55,0,
"CSU23610","LV-020","LV","LV",2025-07-02,2025,27,"Tarsalis","L","culex",50,0,0,55.55,0,
"CSU23611","LV-020","LV","LV",2025-07-02,2025,27,"Tarsalis","L","culex",50,0,0,55.55,0,
"CSU23612","LV-020","LV","LV",2025-07-02,2025,27,"Tarsalis","L","culex",23,0,0,55.55,0,
"CSU23613","LV-020","LV","LV",2025-07-02,2025,27,"Pipiens","L","culex",15,0,0,55.55,0,
"CSU23614","FC-052","NW","FC",2025-07-02,2025,27,"Tarsalis","L","culex",8,0,0,55.55,0,
"CSU23615","FC-052","NW","FC",2025-07-02,2025,27,"Pipiens","L","culex",1,0,0,55.55,0,
"CSU23616","LC-053","BE","BE",2025-07-02,2025,27,"Tarsalis","L","culex",50,0,0,55.55,0,
"CSU23617","LC-053","BE","BE",2025-07-02,2025,27,"Tarsalis","L","culex",8,0,0,55.55,0,
"CSU23618","LC-001","BE","BE",2025-07-02,2025,27,"Tarsalis","L","culex",50,0,0,55.55,0,
"CSU23619","LC-001","BE","BE",2025-07-02,2025,27,"Tarsalis","L","culex",24,0,0,55.55,0,
"CSU23620","LC-001","BE","BE",2025-07-02,2025,27,"Pipiens","L","culex",3,0,0,55.55,0,
"CSU23621","FC-073","NW","FC",2025-07-02,2025,27,"Tarsalis","L","culex",20,0,0,55.55,0,
"CSU23622","FC-073","NW","FC",2025-07-02,2025,27,"Pipiens","L","culex",3,0,0,55.55,0,
"CSU23623","FC-061","NW","FC",2025-07-02,2025,27,"Tarsalis","L","culex",50,0,0,55.55,0,
"CSU23624","FC-061","NW","FC",2025-07-02,2025,27,"Tarsalis","L","culex",23,0,0,55.55,0,
"CSU23625","FC-061","NW","FC",2025-07-02,2025,27,"Pipiens","L","culex",12,0,0,55.55,0,
"CSU23626","FC-090GR","NW","FC",2025-07-02,2025,27,"Pipiens","G","culex",28,0,0,55.55,0,
"CSU23627","FC-041","NW","FC",2025-07-02,2025,27,"Tarsalis","L","culex",13,0,0,55.55,0,
"CSU23628","FC-041","NW","FC",2025-07-02,2025,27,"Pipiens","L","culex",17,0,0,55.55,0,
"CSU23629","FC-060","NW","FC",2025-07-02,2025,27,"Tarsalis","L","culex",2,0,0,55.55,0,
"CSU23630","FC-011","NW","FC",2025-07-02,2025,27,"Tarsalis","L","culex",1,0,0,55.55,0,
"CSU23631","FC-015","NW","FC",2025-07-02,2025,27,"Tarsalis","L","culex",8,0,0,55.55,0,
"CSU23632","FC-015","NW","FC",2025-07-02,2025,27,"Pipiens","L","culex",3,0,0,55.55,0,
"CSU23633","FC-063GR","NW","FC",2025-07-02,2025,27,"Pipiens","G","culex",11,0,0,55.55,0,
"CSU23634","FC-049","SW","FC",2025-07-02,2025,27,"Tarsalis","L","culex",34,0,0,55.55,0,
"CSU23635","FC-049","SW","FC",2025-07-02,2025,27,"Pipiens","L","culex",12,0,0,55.55,0,
"CSU23636","FC-063","NW","FC",2025-07-02,2025,27,"Tarsalis","L","culex",5,0,0,55.55,0,
"CSU23637","FC-063","NW","FC",2025-07-02,2025,27,"Pipiens","L","culex",3,0,0,55.55,0,
"CSU23638","FC-058","SW","FC",2025-07-02,2025,27,"Tarsalis","L","culex",13,0,0,55.55,0,
"CSU23639","FC-058","SW","FC",2025-07-02,2025,27,"Pipiens","L","culex",10,0,0,55.55,0,
"CSU23534","LV-089","LV","LV",2025-07-01,2025,27,"Tarsalis","L","culex",41,0,0,55.55,0,
"CSU23535","LV-089","LV","LV",2025-07-01,2025,27,"Pipiens","L","culex",2,0,0,55.55,0,
"CSU23536","LV-104","LV","LV",2025-07-01,2025,27,"Tarsalis","L","culex",50,0,0,55.55,0,
"CSU23537","LV-104","LV","LV",2025-07-01,2025,27,"Tarsalis","L","culex",50,0,0,55.55,0,
"CSU23538","LV-104","LV","LV",2025-07-01,2025,27,"Tarsalis","L","culex",9,0,0,55.55,0,
"CSU23539","LV-104","LV","LV",2025-07-01,2025,27,"Pipiens","L","culex",8,0,0,55.55,0,
"CSU23540","LV-110","LV","LV",2025-07-01,2025,27,"Tarsalis","L","culex",50,0,0,55.55,0,
"CSU23541","LV-110","LV","LV",2025-07-01,2025,27,"Tarsalis","L","culex",50,0,0,55.55,0,
"CSU23542","LV-110","LV","LV",2025-07-01,2025,27,"Tarsalis","L","culex",23,0,0,55.55,0,
"CSU23543","FC-053","SE","FC",2025-07-01,2025,27,"Tarsalis","L","culex",8,0,0,55.55,0,
"CSU23544","FC-075","SE","FC",2025-07-01,2025,27,"Tarsalis","L","culex",50,0,0,55.55,0,
"CSU23545","FC-075","SE","FC",2025-07-01,2025,27,"Tarsalis","L","culex",21,0,0,55.55,0,
"CSU23546","FC-075","SE","FC",2025-07-01,2025,27,"Pipiens","L","culex",2,0,0,55.55,0,
"CSU23547","FC-064","SE","FC",2025-07-01,2025,27,"Tarsalis","L","culex",23,0,0,55.55,0,
"CSU23548","FC-064","SE","FC",2025-07-01,2025,27,"Pipiens","L","culex",2,0,0,55.55,0,
"CSU23549","FC-075GR","SE","FC",2025-07-01,2025,27,"Pipiens","G","culex",4,0,0,55.55,0,
"CSU23550","FC-074","SE","FC",2025-07-01,2025,27,"Tarsalis","L","culex",50,0,0,55.55,0,
"CSU23551","FC-074","SE","FC",2025-07-01,2025,27,"Tarsalis","L","culex",6,0,0,55.55,0,
"CSU23552","FC-074","SE","FC",2025-07-01,2025,27,"Pipiens","L","culex",1,0,0,55.55,0,
"CSU23553","FC-004","SE","FC",2025-07-01,2025,27,"Tarsalis","L","culex",50,0,0,55.55,0,
"CSU23554","FC-004","SE","FC",2025-07-01,2025,27,"Tarsalis","L","culex",20,0,0,55.55,0,
"CSU23555","FC-004","SE","FC",2025-07-01,2025,27,"Pipiens","L","culex",6,0,0,55.55,0,
"CSU23556","FC-039","SE","FC",2025-07-01,2025,27,"Tarsalis","L","culex",50,1,90555.25,21.9,0,"Inconclusive"
"CSU23557","FC-039","SE","FC",2025-07-01,2025,27,"Tarsalis","L","culex",50,0,0,55.55,0,
"CSU23558","FC-039","SE","FC",2025-07-01,2025,27,"Tarsalis","L","culex",50,0,0,55.55,0,
"CSU23559","FC-039","SE","FC",2025-07-01,2025,27,"Tarsalis","L","culex",50,0,0,55.55,0,
"CSU23560","FC-039","SE","FC",2025-07-01,2025,27,"Tarsalis","L","culex",50,0,0,55.55,0,
"CSU23561","FC-039","SE","FC",2025-07-01,2025,27,"Tarsalis","L","culex",9,0,0,55.55,0,
"CSU23562","FC-039","SE","FC",2025-07-01,2025,27,"Pipiens","L","culex",2,0,0,55.55,0,
"CSU23563","FC-088GR","SE","FC",2025-07-01,2025,27,"Tarsalis","G","culex",8,0,0,55.55,0,
"CSU23564","FC-088GR","SE","FC",2025-07-01,2025,27,"Pipiens","G","culex",50,0,0,55.55,0,
"CSU23565","FC-088GR","SE","FC",2025-07-01,2025,27,"Pipiens","G","culex",31,0,0,55.55,0,
"CSU23566","FC-027","SE","FC",2025-07-01,2025,27,"Tarsalis","L","culex",22,0,0,55.55,0,
"CSU23567","FC-027","SE","FC",2025-07-01,2025,27,"Pipiens","L","culex",11,0,0,55.55,0,
"CSU23568","FC-059","SE","FC",2025-07-01,2025,27,"Tarsalis","L","culex",13,0,0,55.55,0,
"CSU23569","FC-059","SE","FC",2025-07-01,2025,27,"Pipiens","L","culex",1,0,0,55.55,0,
"CSU23570","FC-023","SE","FC",2025-07-01,2025,27,"Tarsalis","L","culex",36,0,0,55.55,0,
"CSU23571","FC-050","SE","FC",2025-07-01,2025,27,"Tarsalis","L","culex",22,0,0,55.55,0,
"CSU23572","FC-050","SE","FC",2025-07-01,2025,27,"Pipiens","L","culex",3,0,0,55.55,0,
"CSU23573","FC-047","SE","FC",2025-07-01,2025,27,"Tarsalis","L","culex",50,0,0,55.55,0,
"CSU23574","FC-047","SE","FC",2025-07-01,2025,27,"Tarsalis","L","culex",50,0,0,55.55,0,
"CSU23575","FC-047","SE","FC",2025-07-01,2025,27,"Tarsalis","L","culex",3,0,0,55.55,0,
"CSU23576","FC-047","SE","FC",2025-07-01,2025,27,"Pipiens","L","culex",7,0,0,55.55,0,
"CSU23577","FC-046","SE","FC",2025-07-01,2025,27,"Tarsalis","L","culex",50,0,0,55.55,0,
"CSU23578","FC-046","SE","FC",2025-07-01,2025,27,"Tarsalis","L","culex",50,0,0,55.55,0,
"CSU23579","FC-046","SE","FC",2025-07-01,2025,27,"Tarsalis","L","culex",6,0,0,55.55,0,
"CSU23580","FC-046","SE","FC",2025-07-01,2025,27,"Pipiens","L","culex",16,0,0,55.55,0,
"CSU23581","FC-031","SE","FC",2025-07-01,2025,27,"Tarsalis","L","culex",50,0,0,55.55,0,
"CSU23582","FC-031","SE","FC",2025-07-01,2025,27,"Tarsalis","L","culex",50,0,0,55.55,0,
"CSU23583","FC-031","SE","FC",2025-07-01,2025,27,"Tarsalis","L","culex",1,0,0,55.55,0,
"CSU23584","FC-031","SE","FC",2025-07-01,2025,27,"Pipiens","L","culex",7,0,0,55.55,0,
"BOU00276","BC-24","BC","BC",2025-06-30,2025,27,"Tarsalis","L","culex",43,0,0,55.55,0,
"BOU00277","BC-25","BC","BC",2025-06-30,2025,27,"Tarsalis","L","culex",49,0,0,55.55,0,
"BOU00278","BC-26","BC","BC",2025-06-30,2025,27,"Tarsalis","L","culex",49,0,0,55.55,0,
"BOU00279","BC-27","BC","BC",2025-06-30,2025,27,"Tarsalis","L","culex",36,0,0,55.55,0,
"BOU00280","BC-14","BC","BC",2025-06-30,2025,27,"Tarsalis","L","culex",19,0,0,55.55,0,
"CSU23500","LV-069","LV","LV",2025-06-30,2025,27,"Tarsalis","L","culex",16,0,0,55.55,0,
"CSU23501","LV-095","LV","LV",2025-06-30,2025,27,"Tarsalis","L","culex",50,0,0,55.55,0,
"CSU23502","LV-095","LV","LV",2025-06-30,2025,27,"Tarsalis","L","culex",50,0,0,55.55,0,
"CSU23503","LV-095","LV","LV",2025-06-30,2025,27,"Tarsalis","L","culex",50,0,0,55.55,0,
"CSU23504","LV-095","LV","LV",2025-06-30,2025,27,"Tarsalis","L","culex",50,0,0,55.55,0,
"CSU23505","LV-095","LV","LV",2025-06-30,2025,27,"Tarsalis","L","culex",10,0,0,55.55,0,
"CSU23506","LV-095","LV","LV",2025-06-30,2025,27,"Pipiens","L","culex",1,0,0,55.55,0,
"CSU23507","FC-040GR","NE","FC",2025-06-30,2025,27,"Pipiens","G","culex",5,0,0,55.55,0,
"CSU23508","FC-038","NE","FC",2025-06-30,2025,27,"Tarsalis","L","culex",50,0,0,55.55,0,
"CSU23509","FC-038","NE","FC",2025-06-30,2025,27,"Tarsalis","L","culex",30,0,0,55.55,0,
"CSU23510","FC-040","NE","FC",2025-06-30,2025,27,"Tarsalis","L","culex",19,0,0,55.55,0,
"CSU23511","FC-034","NE","FC",2025-06-30,2025,27,"Tarsalis","L","culex",37,0,0,55.55,0,
"CSU23512","FC-006","NE","FC",2025-06-30,2025,27,"Tarsalis","L","culex",28,0,0,55.55,0,
"CSU23513","FC-006","NE","FC",2025-06-30,2025,27,"Pipiens","L","culex",4,0,0,55.55,0,
"CSU23514","FC-036","NW","FC",2025-06-30,2025,27,"Tarsalis","L","culex",47,0,0,55.55,0,
"CSU23515","FC-036","NW","FC",2025-06-30,2025,27,"Pipiens","L","culex",3,0,0,55.55,0,
"CSU23516","FC-092GR","NE","FC",2025-06-30,2025,27,"Tarsalis","G","culex",1,0,0,55.55,0,
"CSU23517","FC-092GR","NE","FC",2025-06-30,2025,27,"Pipiens","G","culex",4,0,0,55.55,0,
"CSU23518","FC-072","NE","FC",2025-06-30,2025,27,"Tarsalis","L","culex",50,0,0,55.55,0,
"CSU23519","FC-072","NE","FC",2025-06-30,2025,27,"Tarsalis","L","culex",2,0,0,55.55,0,
"CSU23520","FC-072","NE","FC",2025-06-30,2025,27,"Pipiens","L","culex",6,0,0,55.55,0,
"CSU23521","FC-091GR","NE","FC",2025-06-30,2025,27,"Pipiens","G","culex",35,0,0,55.55,0,
"CSU23522","FC-066GR","NE","FC",2025-06-30,2025,27,"Pipiens","G","culex",4,0,0,55.55,0,
"CSU23523","FC-067","NE","FC",2025-06-30,2025,27,"Tarsalis","L","culex",31,0,0,55.55,0,
"CSU23524","FC-014","NE","FC",2025-06-30,2025,27,"Tarsalis","L","culex",13,0,0,55.55,0,
"CSU23525","FC-014","NE","FC",2025-06-30,2025,27,"Pipiens","L","culex",1,0,0,55.55,0,
"CSU23526","FC-019","NE","FC",2025-06-30,2025,27,"Tarsalis","L","culex",41,0,0,55.55,0,
"CSU23527","FC-019","NE","FC",2025-06-30,2025,27,"Pipiens","L","culex",14,0,0,55.55,0,
"CSU23528","FC-069","NE","FC",2025-06-30,2025,27,"Tarsalis","L","culex",22,0,0,55.55,0,
"CSU23529","FC-069","NE","FC",2025-06-30,2025,27,"Pipiens","L","culex",2,0,0,55.55,0,
"CSU23530","FC-066","NE","FC",2025-06-30,2025,27,"Tarsalis","L","culex",50,0,0,55.55,0,
"CSU23531","FC-066","NE","FC",2025-06-30,2025,27,"Tarsalis","L","culex",50,0,0,55.55,0,
"CSU23532","FC-066","NE","FC",2025-06-30,2025,27,"Tarsalis","L","culex",50,0,0,55.55,0,
"CSU23533","FC-066","NE","FC",2025-06-30,2025,27,"Pipiens","L","culex",38,0,0,55.55,0,
"CSU23482","FC-001","SW","FC",2025-06-26,2025,26,"Tarsalis","L","culex",8,0,0,55.55,0,
"CSU23483","FC-001","SW","FC",2025-06-26,2025,26,"Pipiens","L","culex",2,0,0,55.55,0,
"CSU23484","FC-054","SE","FC",2025-06-26,2025,26,"Tarsalis","L","culex",26,0,0,55.55,0,
"CSU23485","FC-054","SE","FC",2025-06-26,2025,26,"Pipiens","L","culex",2,0,0,55.55,0,
"CSU23486","FC-029","SE","FC",2025-06-26,2025,26,"Tarsalis","L","culex",7,0,0,55.55,0,
"CSU23487","FC-029GR","SE","FC",2025-06-26,2025,26,"Pipiens","G","culex",4,0,0,55.55,0,
"CSU23488","FC-068","SW","FC",2025-06-26,2025,26,"Tarsalis","L","culex",4,0,0,55.55,0,
"CSU23489","FC-062","SW","FC",2025-06-26,2025,26,"Tarsalis","L","culex",7,0,0,55.55,0,
"CSU23490","FC-062","SW","FC",2025-06-26,2025,26,"Pipiens","L","culex",3,0,0,55.55,0,
"CSU23491","FC-089GR","SW","FC",2025-06-26,2025,26,"Pipiens","G","culex",5,0,0,55.55,0,
"CSU23492","FC-071","SW","FC",2025-06-26,2025,26,"Tarsalis","L","culex",1,0,0,55.55,0,
"CSU23493","FC-071","SW","FC",2025-06-26,2025,26,"Pipiens","L","culex",1,0,0,55.55,0,
"CSU23494","FC-093","SW","FC",2025-06-26,2025,26,"Tarsalis","L","culex",24,0,0,55.55,0,
"CSU23495","FC-093","SW","FC",2025-06-26,2025,26,"Pipiens","L","culex",7,0,0,55.55,0,
"CSU23496","FC-057","SW","FC",2025-06-26,2025,26,"Tarsalis","L","culex",4,0,0,55.55,0,
"CSU23497","FC-037","SW","FC",2025-06-26,2025,26,"Tarsalis","L","culex",50,0,0,55.55,0,
"CSU23498","FC-037","SW","FC",2025-06-26,2025,26,"Tarsalis","L","culex",4,0,0,55.55,0,
"CSU23499","FC-037","SW","FC",2025-06-26,2025,26,"Pipiens","L","culex",13,0,0,55.55,0,
"CSU23448","LC-062","BE","BE",2025-06-25,2025,26,"Tarsalis","L","culex",29,0,0,55.55,0,
"CSU23449","LC-054","BE","BE",2025-06-25,2025,26,"Tarsalis","L","culex",14,0,0,55.55,0,
"CSU23450","LC-054","BE","BE",2025-06-25,2025,26,"Pipiens","L","culex",2,0,0,55.55,0,
"CSU23451","LC-061","BE","BE",2025-06-25,2025,26,"Tarsalis","L","culex",23,0,0,55.55,0,
"CSU23452","LC-053","BE","BE",2025-06-25,2025,26,"Tarsalis","L","culex",18,0,0,55.55,0,
"CSU23453","LC-001","BE","BE",2025-06-25,2025,26,"Tarsalis","L","culex",28,0,0,55.55,0,
"CSU23454","LC-001","BE","BE",2025-06-25,2025,26,"Pipiens","L","culex",7,0,0,55.55,0,
"CSU23455","LC-060","BE","BE",2025-06-25,2025,26,"Tarsalis","L","culex",22,0,0,55.55,0,
"CSU23456","WC-055","BE","BE",2025-06-25,2025,26,"Tarsalis","L","culex",6,0,0,55.55,0,
"CSU23457","LC-059","BE","BE",2025-06-25,2025,26,"Tarsalis","L","culex",44,0,0,55.55,0,
"CSU23458","LC-059","BE","BE",2025-06-25,2025,26,"Pipiens","L","culex",2,0,0,55.55,0,
"CSU23459","LC-058","BE","BE",2025-06-25,2025,26,"Tarsalis","L","culex",5,0,0,55.55,0,
"CSU23460","LC-049","BE","BE",2025-06-25,2025,26,"Tarsalis","L","culex",27,0,0,55.55,0,
"CSU23461","FC-052","NW","FC",2025-06-25,2025,26,"Tarsalis","L","culex",1,0,0,55.55,0,
"CSU23462","FC-073","NW","FC",2025-06-25,2025,26,"Tarsalis","L","culex",4,0,0,55.55,0,
"CSU23463","FC-073","NW","FC",2025-06-25,2025,26,"Pipiens","L","culex",1,0,0,55.55,0,
"CSU23464","FC-041","NW","FC",2025-06-25,2025,26,"Tarsalis","L","culex",11,0,0,55.55,0,
"CSU23465","FC-041","NW","FC",2025-06-25,2025,26,"Pipiens","L","culex",1,0,0,55.55,0,
"CSU23466","FC-061","NW","FC",2025-06-25,2025,26,"Tarsalis","L","culex",18,0,0,55.55,0,
"CSU23467","FC-061","NW","FC",2025-06-25,2025,26,"Pipiens","L","culex",3,0,0,55.55,0,
"CSU23468","LV-020","LV","LV",2025-06-25,2025,26,"Tarsalis","L","culex",50,0,0,55.55,0,
"CSU23469","LV-020","LV","LV",2025-06-25,2025,26,"Tarsalis","L","culex",50,0,0,55.55,0,
"CSU23470","LV-020","LV","LV",2025-06-25,2025,26,"Tarsalis","L","culex",38,0,0,55.55,0,
"CSU23471","LV-020","LV","LV",2025-06-25,2025,26,"Pipiens","L","culex",2,0,0,55.55,0,
"CSU23472","FC-090GR","NW","FC",2025-06-25,2025,26,"Pipiens","G","culex",6,0,0,55.55,0,
"CSU23473","FC-060","NW","FC",2025-06-25,2025,26,"Pipiens","L","culex",1,0,0,55.55,0,
"CSU23474","FC-063GR","NW","FC",2025-06-25,2025,26,"Tarsalis","G","culex",1,0,0,55.55,0,
"CSU23475","FC-063GR","NW","FC",2025-06-25,2025,26,"Pipiens","G","culex",1,0,0,55.55,0,
"CSU23476","FC-049","SW","FC",2025-06-25,2025,26,"Tarsalis","L","culex",5,0,0,55.55,0,
"CSU23477","FC-049","SW","FC",2025-06-25,2025,26,"Pipiens","L","culex",5,0,0,55.55,0,
"CSU23478","FC-063","NW","FC",2025-06-25,2025,26,"Tarsalis","L","culex",11,0,0,55.55,0,
"CSU23479","FC-011","NW","FC",2025-06-25,2025,26,"Tarsalis","L","culex",4,0,0,55.55,0,
"CSU23480","FC-011","NW","FC",2025-06-25,2025,26,"Pipiens","L","culex",1,0,0,55.55,0,
"CSU23481","FC-058","SW","FC",2025-06-25,2025,26,"Tarsalis","L","culex",2,0,0,55.55,0,
"CSU23420","LV-089","LV","LV",2025-06-24,2025,26,"Tarsalis","L","culex",2,0,0,55.55,0,
"CSU23421","LV-089","LV","LV",2025-06-24,2025,26,"Pipiens","L","culex",1,0,0,55.55,0,
"CSU23422","LV-104","LV","LV",2025-06-24,2025,26,"Tarsalis","L","culex",50,0,0,55.55,0,
"CSU23423","LV-104","LV","LV",2025-06-24,2025,26,"Tarsalis","L","culex",36,0,0,55.55,0,
"CSU23424","LV-104","LV","LV",2025-06-24,2025,26,"Pipiens","L","culex",1,0,0,55.55,0,
"CSU23425","LV-110","LV","LV",2025-06-24,2025,26,"Tarsalis","L","culex",50,0,0,55.55,0,
"CSU23426","LV-110","LV","LV",2025-06-24,2025,26,"Tarsalis","L","culex",50,0,0,55.55,0,
"CSU23427","LV-110","LV","LV",2025-06-24,2025,26,"Tarsalis","L","culex",8,0,0,55.55,0,
"CSU23428","LV-110","LV","LV",2025-06-24,2025,26,"Pipiens","L","culex",9,0,0,55.55,0,
"CSU23429","FC-039","SE","FC",2025-06-24,2025,26,"Tarsalis","L","culex",50,0,0,55.55,0,
"CSU23430","FC-039","SE","FC",2025-06-24,2025,26,"Tarsalis","L","culex",26,0,0,55.55,0,
"CSU23431","FC-053","SE","FC",2025-06-24,2025,26,"Tarsalis","L","culex",28,0,0,55.55,0,
"CSU23432","FC-075","SE","FC",2025-06-24,2025,26,"Tarsalis","L","culex",37,0,0,55.55,0,
"CSU23433","FC-075","SE","FC",2025-06-24,2025,26,"Pipiens","L","culex",2,0,0,55.55,0,
"CSU23434","FC-064","SE","FC",2025-06-24,2025,26,"Tarsalis","L","culex",38,0,0,55.55,0,
"CSU23435","FC-064","SE","FC",2025-06-24,2025,26,"Pipiens","L","culex",3,0,0,55.55,0,
"CSU23436","FC-075GR","SE","FC",2025-06-24,2025,26,"Pipiens","G","culex",4,0,0,55.55,0,
"CSU23437","FC-004","SE","FC",2025-06-24,2025,26,"Tarsalis","L","culex",6,0,0,55.55,0,
"CSU23438","FC-004","SE","FC",2025-06-24,2025,26,"Pipiens","L","culex",2,0,0,55.55,0,
"CSU23439","FC-074","SE","FC",2025-06-24,2025,26,"Tarsalis","L","culex",41,0,0,55.55,0,
"CSU23440","FC-027","SE","FC",2025-06-24,2025,26,"Tarsalis","L","culex",11,0,0,55.55,0,
"CSU23441","FC-027","SE","FC",2025-06-24,2025,26,"Pipiens","L","culex",2,0,0,55.55,0,
"CSU23442","FC-050","SE","FC",2025-06-24,2025,26,"Tarsalis","L","culex",6,0,0,55.55,0,
"CSU23443","FC-050","SE","FC",2025-06-24,2025,26,"Pipiens","L","culex",1,0,0,55.55,0,
"CSU23444","FC-023","SE","FC",2025-06-24,2025,26,"Tarsalis","L","culex",17,0,0,55.55,0,
"CSU23445","FC-023","SE","FC",2025-06-24,2025,26,"Pipiens","L","culex",1,0,0,55.55,0,
"CSU23446","FC-046","SE","FC",2025-06-24,2025,26,"Tarsalis","L","culex",16,0,0,55.55,0,
"CSU23447","FC-031","SE","FC",2025-06-24,2025,26,"Tarsalis","L","culex",11,0,0,55.55,0,
"BOU00271","BC-20","BC","BC",2025-06-23,2025,26,"Tarsalis","L","culex",21,0,0,55.55,0,
"BOU00272","BC-22","BC","BC",2025-06-23,2025,26,"Tarsalis","L","culex",17,0,0,55.55,0,
"BOU00273","BC-24","BC","BC",2025-06-23,2025,26,"Tarsalis","L","culex",49,0,0,55.55,0,
"BOU00274","BC-26","BC","BC",2025-06-23,2025,26,"Tarsalis","L","culex",18,0,0,55.55,0,
"BOU00275","BC-13","BC","BC",2025-06-23,2025,26,"Tarsalis","L","culex",17,0,0,55.55,0,
"CSU23392","LV-069","LV","LV",2025-06-23,2025,26,"Tarsalis","L","culex",12,0,0,55.55,0,
"CSU23393","FC-040","NE","FC",2025-06-23,2025,26,"Tarsalis","L","culex",16,0,0,55.55,0,
"CSU23394","FC-040","NE","FC",2025-06-23,2025,26,"Pipiens","L","culex",2,0,0,55.55,0,
"CSU23395","FC-034","NE","FC",2025-06-23,2025,26,"Tarsalis","L","culex",18,0,0,55.55,0,
"CSU23396","FC-038","NE","FC",2025-06-23,2025,26,"Tarsalis","L","culex",6,0,0,55.55,0,
"CSU23397","LV-095","LV","LV",2025-06-23,2025,26,"Tarsalis","L","culex",50,0,0,55.55,0,
"CSU23398","LV-095","LV","LV",2025-06-23,2025,26,"Tarsalis","L","culex",50,0,0,55.55,0,
"CSU23399","LV-095","LV","LV",2025-06-23,2025,26,"Tarsalis","L","culex",50,0,0,55.55,0,
"CSU23400","LV-095","LV","LV",2025-06-23,2025,26,"Tarsalis","L","culex",13,0,0,55.55,0,
"CSU23401","LV-095","LV","LV",2025-06-23,2025,26,"Pipiens","L","culex",1,0,0,55.55,0,
"CSU23402","FC-040GR","NE","FC",2025-06-23,2025,26,"Tarsalis","G","culex",1,0,0,55.55,0,
"CSU23403","FC-040GR","NE","FC",2025-06-23,2025,26,"Pipiens","G","culex",4,0,0,55.55,0,
"CSU23404","FC-006","NE","FC",2025-06-23,2025,26,"Tarsalis","L","culex",3,0,0,55.55,0,
"CSU23405","FC-092GR","NE","FC",2025-06-23,2025,26,"Pipiens","G","culex",4,0,0,55.55,0,
"CSU23406","FC-069","NE","FC",2025-06-23,2025,26,"Tarsalis","L","culex",50,0,0,55.55,0,
"CSU23407","FC-069","NE","FC",2025-06-23,2025,26,"Tarsalis","L","culex",6,0,0,55.55,0,
"CSU23408","FC-069","NE","FC",2025-06-23,2025,26,"Pipiens","L","culex",4,0,0,55.55,0,
"CSU23409","FC-091GR","NE","FC",2025-06-23,2025,26,"Pipiens","G","culex",2,0,0,55.55,0,
"CSU23410","FC-072","NE","FC",2025-06-23,2025,26,"Tarsalis","L","culex",12,0,0,55.55,0,
"CSU23411","FC-072","NE","FC",2025-06-23,2025,26,"Pipiens","L","culex",5,0,0,55.55,0,
"CSU23412","FC-067","NE","FC",2025-06-23,2025,26,"Tarsalis","L","culex",27,0,0,55.55,0,
"CSU23413","FC-019","NE","FC",2025-06-23,2025,26,"Tarsalis","L","culex",21,0,0,55.55,0,
"CSU23414","FC-019","NE","FC",2025-06-23,2025,26,"Pipiens","L","culex",3,0,0,55.55,0,
"CSU23415","FC-014","NE","FC",2025-06-23,2025,26,"Tarsalis","L","culex",31,0,0,55.55,0,
"CSU23416","FC-014","NE","FC",2025-06-23,2025,26,"Pipiens","L","culex",2,0,0,55.55,0,
"CSU23417","FC-066","NE","FC",2025-06-23,2025,26,"Tarsalis","L","culex",50,0,0,55.55,0,
"CSU23418","FC-066","NE","FC",2025-06-23,2025,26,"Tarsalis","L","culex",30,0,0,55.55,0,
"CSU23419","FC-066","NE","FC",2025-06-23,2025,26,"Pipiens","L","culex",1,0,0,55.55,0,
"CSU23376","FC-001","SW","FC",2025-06-19,2025,25,"Tarsalis","L","culex",5,0,0,55.55,0,
"CSU23377","FC-001","SW","FC",2025-06-19,2025,25,"Pipiens","L","culex",4,0,0,55.55,0,
"CSU23378","FC-029","SE","FC",2025-06-19,2025,25,"Tarsalis","L","culex",4,0,0,55.55,0,
"CSU23379","FC-029GR","SE","FC",2025-06-19,2025,25,"Pipiens","G","culex",12,0,0,55.55,0,
"CSU23380","FC-068","SW","FC",2025-06-19,2025,25,"Tarsalis","L","culex",2,0,0,55.55,0,
"CSU23381","FC-054","SE","FC",2025-06-19,2025,25,"Tarsalis","L","culex",5,0,0,55.55,0,
"CSU23382","FC-054","SE","FC",2025-06-19,2025,25,"Pipiens","L","culex",1,0,0,55.55,0,
"CSU23383","FC-093","SW","FC",2025-06-19,2025,25,"Tarsalis","L","culex",12,0,0,55.55,0,
"CSU23384","FC-093","SW","FC",2025-06-19,2025,25,"Pipiens","L","culex",2,0,0,55.55,0,
"CSU23385","FC-062","SW","FC",2025-06-19,2025,25,"Tarsalis","L","culex",2,0,0,55.55,0,
"CSU23386","FC-062","SW","FC",2025-06-19,2025,25,"Pipiens","L","culex",1,0,0,55.55,0,
"CSU23387","FC-071","SW","FC",2025-06-19,2025,25,"Tarsalis","L","culex",3,0,0,55.55,0,
"CSU23388","FC-071","SW","FC",2025-06-19,2025,25,"Pipiens","L","culex",1,0,0,55.55,0,
"CSU23389","FC-089GR","SW","FC",2025-06-19,2025,25,"Pipiens","G","culex",7,0,0,55.55,0,
"CSU23390","FC-037","SW","FC",2025-06-19,2025,25,"Tarsalis","L","culex",47,0,0,55.55,0,
"CSU23391","FC-037","SW","FC",2025-06-19,2025,25,"Pipiens","L","culex",9,0,0,55.55,0,
"CSU23348","LC-049","BE","BE",2025-06-18,2025,25,"Tarsalis","L","culex",1,0,0,55.55,0,
"CSU23349","LC-049","BE","BE",2025-06-18,2025,25,"Pipiens","L","culex",1,0,0.91,38.42,0,
"CSU23350","WC-055","BE","BE",2025-06-18,2025,25,"Tarsalis","L","culex",2,0,0,55.55,0,
"CSU23351","LC-060","BE","BE",2025-06-18,2025,25,"Tarsalis","L","culex",3,0,0,55.55,0,
"CSU23352","LC-060","BE","BE",2025-06-18,2025,25,"Pipiens","L","culex",1,0,0,55.55,0,
"CSU23353","LC-001","BE","BE",2025-06-18,2025,25,"Tarsalis","L","culex",8,0,0,55.55,0,
"CSU23354","LC-001","BE","BE",2025-06-18,2025,25,"Pipiens","L","culex",3,0,0,55.55,0,
"CSU23355","LC-059","BE","BE",2025-06-18,2025,25,"Tarsalis","L","culex",13,0,0,55.55,0,
"CSU23356","LV-020","LV","LV",2025-06-18,2025,25,"Tarsalis","L","culex",17,0,0,55.55,0,
"CSU23357","LV-020","LV","LV",2025-06-18,2025,25,"Pipiens","L","culex",1,0,0,55.55,0,
"CSU23358","LC-054","BE","BE",2025-06-18,2025,25,"Tarsalis","L","culex",5,0,0,55.55,0,
"CSU23359","LC-054","BE","BE",2025-06-18,2025,25,"Pipiens","L","culex",1,0,0,55.55,0,
"CSU23360","LC-053","BE","BE",2025-06-18,2025,25,"Tarsalis","L","culex",5,0,0,55.55,0,
"CSU23361","LC-058","BE","BE",2025-06-18,2025,25,"Tarsalis","L","culex",5,0,0,55.55,0,
"CSU23362","FC-061","NW","FC",2025-06-18,2025,25,"Pipiens","L","culex",1,0,0,55.55,0,
"CSU23363","FC-073","NW","FC",2025-06-18,2025,25,"Tarsalis","L","culex",1,0,0,55.55,0,
"CSU23364","FC-041","NW","FC",2025-06-18,2025,25,"Tarsalis","L","culex",1,0,0,55.55,0,
"CSU23365","FC-041","NW","FC",2025-06-18,2025,25,"Pipiens","L","culex",1,0,0,55.55,0,
"CSU23366","FC-060","NW","FC",2025-06-18,2025,25,"Pipiens","L","culex",2,0,0,55.55,0,
"CSU23367","FC-011","NW","FC",2025-06-18,2025,25,"Tarsalis","L","culex",2,0,0,55.55,0,
"CSU23368","FC-011","NW","FC",2025-06-18,2025,25,"Pipiens","L","culex",2,0,0,55.55,0,
"CSU23369","LC-061","BE","BE",2025-06-18,2025,25,"Tarsalis","L","culex",17,0,0,55.55,0,
"CSU23370","FC-049","SW","FC",2025-06-18,2025,25,"Tarsalis","L","culex",2,0,0,55.55,0,
"CSU23371","FC-049","SW","FC",2025-06-18,2025,25,"Pipiens","L","culex",2,0,0,55.55,0,
"CSU23372","FC-058","SW","FC",2025-06-18,2025,25,"Tarsalis","L","culex",1,0,0,55.55,0,
"CSU23373","FC-058","SW","FC",2025-06-18,2025,25,"Pipiens","L","culex",2,0,0,55.55,0,
"CSU23374","LC-062","BE","BE",2025-06-18,2025,25,"Tarsalis","L","culex",5,0,0,55.55,0,
"CSU23375","FC-063","NW","FC",2025-06-18,2025,25,"Tarsalis","L","culex",1,0,0,55.55,0,
"CSU23308","LV-089","LV","LV",2025-06-17,2025,25,"Tarsalis","L","culex",19,0,0,55.55,0,
"CSU23309","LV-104","LV","LV",2025-06-17,2025,25,"Tarsalis","L","culex",50,0,0,55.55,0,
"CSU23310","LV-104","LV","LV",2025-06-17,2025,25,"Tarsalis","L","culex",50,0,0,55.55,0,
"CSU23311","LV-104","LV","LV",2025-06-17,2025,25,"Tarsalis","L","culex",50,0,0,55.55,0,
"CSU23312","LV-104","LV","LV",2025-06-17,2025,25,"Tarsalis","L","culex",50,0,0,55.55,0,
"CSU23313","LV-104","LV","LV",2025-06-17,2025,25,"Tarsalis","L","culex",3,0,0,55.55,0,
"CSU23314","LV-104","LV","LV",2025-06-17,2025,25,"Pipiens","L","culex",3,0,0,55.55,0,
"CSU23315","LV-110","LV","LV",2025-06-17,2025,25,"Tarsalis","L","culex",50,0,0,55.55,0,
"CSU23316","LV-110","LV","LV",2025-06-17,2025,25,"Tarsalis","L","culex",50,0,0,55.55,0,
"CSU23317","LV-110","LV","LV",2025-06-17,2025,25,"Tarsalis","L","culex",50,0,0,55.55,0,
"CSU23318","LV-110","LV","LV",2025-06-17,2025,25,"Tarsalis","L","culex",50,0,0,55.55,0,
"CSU23319","LV-110","LV","LV",2025-06-17,2025,25,"Tarsalis","L","culex",50,0,0,55.55,0,
"CSU23320","LV-110","LV","LV",2025-06-17,2025,25,"Tarsalis","L","culex",50,0,0,55.55,0,
"CSU23321","LV-110","LV","LV",2025-06-17,2025,25,"Tarsalis","L","culex",35,0,0,55.55,0,
"CSU23322","LV-110","LV","LV",2025-06-17,2025,25,"Pipiens","L","culex",2,0,0,55.55,0,
"CSU23323","FC-075","SE","FC",2025-06-17,2025,25,"Tarsalis","L","culex",21,0,0,55.55,0,
"CSU23324","FC-075GR","SE","FC",2025-06-17,2025,25,"Tarsalis","G","culex",1,0,1.13,38.12,0,
"CSU23325","FC-075GR","SE","FC",2025-06-17,2025,25,"Pipiens","G","culex",7,0,0,55.55,0,
"CSU23326","FC-031","SE","FC",2025-06-17,2025,25,"Tarsalis","L","culex",1,0,0,55.55,0,
"CSU23327","FC-053","SE","FC",2025-06-17,2025,25,"Tarsalis","L","culex",50,0,0,55.55,0,
"CSU23328","FC-053","SE","FC",2025-06-17,2025,25,"Tarsalis","L","culex",50,0,0,55.55,0,
"CSU23329","FC-053","SE","FC",2025-06-17,2025,25,"Tarsalis","L","culex",36,0,0,55.55,0,
"CSU23330","FC-053","SE","FC",2025-06-17,2025,25,"Pipiens","L","culex",1,0,0,55.55,0,
"CSU23331","FC-074","SE","FC",2025-06-17,2025,25,"Tarsalis","L","culex",50,0,0,55.55,0,
"CSU23332","FC-074","SE","FC",2025-06-17,2025,25,"Tarsalis","L","culex",8,0,0,55.55,0,
"CSU23333","FC-074","SE","FC",2025-06-17,2025,25,"Pipiens","L","culex",1,0,0,55.55,0,
"CSU23334","FC-004","SE","FC",2025-06-17,2025,25,"Tarsalis","L","culex",35,0,0,55.55,0,
"CSU23335","FC-088GR","SE","FC",2025-06-17,2025,25,"Tarsalis","G","culex",1,0,0,55.55,0,
"CSU23336","FC-088GR","SE","FC",2025-06-17,2025,25,"Pipiens","G","culex",50,0,0,55.55,0,
"CSU23337","FC-088GR","SE","FC",2025-06-17,2025,25,"Pipiens","G","culex",18,0,0,55.55,0,
"CSU23338","FC-059","SE","FC",2025-06-17,2025,25,"Tarsalis","L","culex",18,0,0,55.55,0,
"CSU23339","FC-023","SE","FC",2025-06-17,2025,25,"Tarsalis","L","culex",5,0,0,55.55,0,
"CSU23340","FC-027","SE","FC",2025-06-17,2025,25,"Tarsalis","L","culex",50,0,0,55.55,0,
"CSU23341","FC-027","SE","FC",2025-06-17,2025,25,"Tarsalis","L","culex",8,0,0,55.55,0,
"CSU23342","FC-050","SE","FC",2025-06-17,2025,25,"Tarsalis","L","culex",2,0,0.47,39.35,0,
"CSU23343","FC-047","SE","FC",2025-06-17,2025,25,"Tarsalis","L","culex",24,0,0,55.55,0,
"CSU23344","FC-046","SE","FC",2025-06-17,2025,25,"Tarsalis","L","culex",22,0,0,55.55,0,
"CSU23345","FC-064","SE","FC",2025-06-17,2025,25,"Tarsalis","L","culex",50,0,0,55.55,0,
"CSU23346","FC-064","SE","FC",2025-06-17,2025,25,"Tarsalis","L","culex",13,0,0,55.55,0,
"CSU23347","FC-064","SE","FC",2025-06-17,2025,25,"Pipiens","L","culex",3,0,0,55.55,0,
"BOU00266","BC-04","BC","BC",2025-06-16,2025,25,"Tarsalis","L","culex",20,0,0,55.55,0,
"BOU00267","BC-22","BC","BC",2025-06-16,2025,25,"Tarsalis","L","culex",49,0,0,55.55,0,
"BOU00268","BC-24","BC","BC",2025-06-16,2025,25,"Tarsalis","L","culex",49,0,0,55.55,0,
"BOU00269","BC-25","BC","BC",2025-06-16,2025,25,"Tarsalis","L","culex",49,0,0,55.55,0,
"BOU00270","BC-28","BC","BC",2025-06-16,2025,25,"Tarsalis","L","culex",28,0,0,55.55,0,
"CSU23285","LV-069","LV","LV",2025-06-16,2025,25,"Tarsalis","L","culex",13,0,0,55.55,0,
"CSU23286","LV-095","LV","LV",2025-06-16,2025,25,"Tarsalis","L","culex",5,0,0,55.55,0,
"CSU23287","FC-038","NE","FC",2025-06-16,2025,25,"Tarsalis","L","culex",22,0,0,55.55,0,
"CSU23288","FC-038","NE","FC",2025-06-16,2025,25,"Pipiens","L","culex",1,0,0,55.55,0,
"CSU23289","FC-040","NE","FC",2025-06-16,2025,25,"Tarsalis","L","culex",8,0,0,55.55,0,
"CSU23290","FC-040","NE","FC",2025-06-16,2025,25,"Pipiens","L","culex",1,0,0,55.55,0,
"CSU23291","FC-034","NE","FC",2025-06-16,2025,25,"Tarsalis","L","culex",26,0,0,55.55,0,
"CSU23292","FC-040GR","NE","FC",2025-06-16,2025,25,"Pipiens","G","culex",9,0,0,55.55,0,
"CSU23293","FC-036","NW","FC",2025-06-16,2025,25,"Tarsalis","L","culex",19,0,0,55.55,0,
"CSU23294","FC-036","NW","FC",2025-06-16,2025,25,"Pipiens","L","culex",4,0,0,55.55,0,
"CSU23295","FC-006","NE","FC",2025-06-16,2025,25,"Tarsalis","L","culex",6,0,0,55.55,0,
"CSU23296","FC-092GR","NE","FC",2025-06-16,2025,25,"Pipiens","G","culex",7,0,0,55.55,0,
"CSU23297","FC-069","NE","FC",2025-06-16,2025,25,"Tarsalis","L","culex",14,0,0,55.55,0,
"CSU23298","FC-069","NE","FC",2025-06-16,2025,25,"Pipiens","L","culex",2,0,0,55.55,0,
"CSU23299","FC-091GR","NE","FC",2025-06-16,2025,25,"Pipiens","G","culex",1,0,0,55.55,0,
"CSU23300","FC-072","NE","FC",2025-06-16,2025,25,"Tarsalis","L","culex",26,0,0,55.55,0,
"CSU23301","FC-072","NE","FC",2025-06-16,2025,25,"Pipiens","L","culex",3,0,0,55.55,0,
"CSU23302","FC-014","NE","FC",2025-06-16,2025,25,"Tarsalis","L","culex",6,0,0,55.55,0,
"CSU23303","FC-019","NE","FC",2025-06-16,2025,25,"Tarsalis","L","culex",16,0,0,55.55,0,
"CSU23304","FC-066GR","NE","FC",2025-06-16,2025,25,"Tarsalis","G","culex",1,0,0,55.55,0,
"CSU23305","FC-067","NE","FC",2025-06-16,2025,25,"Tarsalis","L","culex",31,0,0,55.55,0,
"CSU23306","FC-067","NE","FC",2025-06-16,2025,25,"Pipiens","L","culex",4,0,0,55.55,0,
"CSU23307","FC-066","NE","FC",2025-06-16,2025,25,"Tarsalis","L","culex",18,0,0,55.55,0,
"CSU23273","FC-068","SW","FC",2025-06-12,2025,24,"Tarsalis","L","culex",1,0,1.4,37.35,0,
"CSU23274","FC-093","SW","FC",2025-06-12,2025,24,"Tarsalis","L","culex",1,0,0,55.55,0,
"CSU23275","FC-029GR","SE","FC",2025-06-12,2025,24,"Pipiens","G","culex",14,0,0,55.55,0,
"CSU23276","FC-062","SW","FC",2025-06-12,2025,24,"Tarsalis","L","culex",2,0,0,55.55,0,
"CSU23277","FC-062","SW","FC",2025-06-12,2025,24,"Pipiens","L","culex",1,0,0,55.55,0,
"CSU23278","FC-029","SE","FC",2025-06-12,2025,24,"Tarsalis","L","culex",8,0,0,55.55,0,
"CSU23279","FC-029","SE","FC",2025-06-12,2025,24,"Pipiens","L","culex",1,0,0,55.55,0,
"CSU23280","FC-089GR","SW","FC",2025-06-12,2025,24,"Pipiens","G","culex",5,0,0,55.55,0,
"CSU23281","FC-037","SW","FC",2025-06-12,2025,24,"Tarsalis","L","culex",3,0,0,55.55,0,
"CSU23282","FC-037","SW","FC",2025-06-12,2025,24,"Pipiens","L","culex",1,0,0,55.55,0,
"CSU23283","FC-071","SW","FC",2025-06-12,2025,24,"Tarsalis","L","culex",1,0,0,55.55,0,
"CSU23284","FC-001","SW","FC",2025-06-12,2025,24,"Tarsalis","L","culex",1,0,0,55.55,0,
"CSU23249","LC-061","BE","BE",2025-06-11,2025,24,"Tarsalis","L","culex",50,0,0,55.55,0,
"CSU23250","LC-061","BE","BE",2025-06-11,2025,24,"Tarsalis","L","culex",50,0,0,55.55,0,
"CSU23251","LC-061","BE","BE",2025-06-11,2025,24,"Tarsalis","L","culex",47,0,0,55.55,0,
"CSU23252","LC-054","BE","BE",2025-06-11,2025,24,"Tarsalis","L","culex",6,0,0,55.55,0,
"CSU23253","LC-058","BE","BE",2025-06-11,2025,24,"Tarsalis","L","culex",2,0,0,55.55,0,
"CSU23254","LV-020","LV","LV",2025-06-11,2025,24,"Tarsalis","L","culex",50,0,0,55.55,0,
"CSU23255","LV-020","LV","LV",2025-06-11,2025,24,"Tarsalis","L","culex",9,0,0,55.55,0,
"CSU23256","LC-053","BE","BE",2025-06-11,2025,24,"Tarsalis","L","culex",5,0,0,55.55,0,
"CSU23257","LC-060","BE","BE",2025-06-11,2025,24,"Tarsalis","L","culex",1,0,0,55.55,0,
"CSU23258","LC-001","BE","BE",2025-06-11,2025,24,"Tarsalis","L","culex",7,0,0,55.55,0,
"CSU23259","FC-073","NW","FC",2025-06-11,2025,24,"Tarsalis","L","culex",2,0,0,55.55,0,
"CSU23260","FC-073","NW","FC",2025-06-11,2025,24,"Pipiens","L","culex",1,0,0,55.55,0,
"CSU23261","FC-015","NW","FC",2025-06-11,2025,24,"Tarsalis","L","culex",1,0,0,55.55,0,
"CSU23262","LC-062","BE","BE",2025-06-11,2025,24,"Tarsalis","L","culex",3,0,0,55.55,0,
"CSU23263","LC-059","BE","BE",2025-06-11,2025,24,"Tarsalis","L","culex",3,0,0,55.55,0,
"CSU23264","FC-041","NW","FC",2025-06-11,2025,24,"Tarsalis","L","culex",3,0,0,55.55,0,
"CSU23265","FC-041","NW","FC",2025-06-11,2025,24,"Pipiens","L","culex",3,0,0,55.55,0,
"CSU23266","FC-052","NW","FC",2025-06-11,2025,24,"Tarsalis","L","culex",3,0,0,55.55,0,
"CSU23267","FC-052","NW","FC",2025-06-11,2025,24,"Pipiens","L","culex",2,0,0,55.55,0,
"CSU23268","FC-090GR","NW","FC",2025-06-11,2025,24,"Pipiens","G","culex",6,0,0,55.55,0,
"CSU23269","FC-063GR","NW","FC",2025-06-11,2025,24,"Pipiens","G","culex",8,0,0,55.55,0,
"CSU23270","FC-049","SW","FC",2025-06-11,2025,24,"Tarsalis","L","culex",5,0,0,55.55,0,
"CSU23271","FC-049","SW","FC",2025-06-11,2025,24,"Pipiens","L","culex",7,0,0,55.55,0,
"CSU23272","FC-063","NW","FC",2025-06-11,2025,24,"Tarsalis","L","culex",1,0,0,55.55,0,
"CSU23224","LV-089","LV","LV",2025-06-10,2025,24,"Tarsalis","L","culex",11,0,0,55.55,0,
"CSU23225","LV-110","LV","LV",2025-06-10,2025,24,"Tarsalis","L","culex",37,0,0,55.55,0,
"CSU23226","FC-039","SE","FC",2025-06-10,2025,24,"Tarsalis","L","culex",30,0,0,55.55,0,
"CSU23227","FC-064","SE","FC",2025-06-10,2025,24,"Tarsalis","L","culex",4,0,0,55.55,0,
"CSU23228","FC-064","SE","FC",2025-06-10,2025,24,"Pipiens","L","culex",1,0,0,55.55,0,
"CSU23229","FC-075","SE","FC",2025-06-10,2025,24,"Tarsalis","L","culex",1,0,0,55.55,0,
"CSU23230","FC-075","SE","FC",2025-06-10,2025,24,"Pipiens","L","culex",1,0,0,55.55,0,
"CSU23231","FC-023","SE","FC",2025-06-10,2025,24,"Tarsalis","L","culex",4,0,0,55.55,0,
"CSU23232","FC-023","SE","FC",2025-06-10,2025,24,"Pipiens","L","culex",1,0,0,55.55,0,
"CSU23233","FC-088GR","SE","FC",2025-06-10,2025,24,"Pipiens","G","culex",13,0,0,55.55,0,
"CSU23234","FC-074","SE","FC",2025-06-10,2025,24,"Tarsalis","L","culex",10,0,0,55.55,0,
"CSU23235","FC-074","SE","FC",2025-06-10,2025,24,"Pipiens","L","culex",1,0,0,55.55,0,
"CSU23236","FC-053","SE","FC",2025-06-10,2025,24,"Tarsalis","L","culex",2,0,0,55.55,0,
"CSU23237","FC-046","SE","FC",2025-06-10,2025,24,"Tarsalis","L","culex",6,0,0,55.55,0,
"CSU23238","FC-046","SE","FC",2025-06-10,2025,24,"Pipiens","L","culex",2,0,0,55.55,0,
"CSU23239","FC-059","SE","FC",2025-06-10,2025,24,"Tarsalis","L","culex",1,0,0,55.55,0,
"CSU23240","FC-047","SE","FC",2025-06-10,2025,24,"Tarsalis","L","culex",3,0,0,55.55,0,
"CSU23241","FC-047","SE","FC",2025-06-10,2025,24,"Pipiens","L","culex",3,0,0,55.55,0,
"CSU23242","FC-004","SE","FC",2025-06-10,2025,24,"Tarsalis","L","culex",7,0,0,55.55,0,
"CSU23243","FC-050","SE","FC",2025-06-10,2025,24,"Tarsalis","L","culex",3,0,0,55.55,0,
"CSU23244","FC-050","SE","FC",2025-06-10,2025,24,"Pipiens","L","culex",3,0,0,55.55,0,
"CSU23245","FC-027","SE","FC",2025-06-10,2025,24,"Tarsalis","L","culex",2,0,0,55.55,0,
"CSU23246","FC-027","SE","FC",2025-06-10,2025,24,"Pipiens","L","culex",12,0,0,55.55,0,
"CSU23247","FC-031","SE","FC",2025-06-10,2025,24,"Tarsalis","L","culex",20,0,0,55.55,0,
"CSU23248","FC-031","SE","FC",2025-06-10,2025,24,"Pipiens","L","culex",1,0,0,55.55,0,
"CSU23212","LV-069","LV","LV",2025-06-09,2025,24,"Tarsalis","L","culex",1,0,1.55,37.21,0,
"CSU23213","FC-038","NE","FC",2025-06-09,2025,24,"Tarsalis","L","culex",1,0,0,55.55,0,
"CSU23214","FC-038","NE","FC",2025-06-09,2025,24,"Pipiens","L","culex",1,0,0,55.55,0,
"CSU23215","FC-034","NE","FC",2025-06-09,2025,24,"Tarsalis","L","culex",4,0,0,55.55,0,
"CSU23216","FC-069","NE","FC",2025-06-09,2025,24,"Tarsalis","L","culex",1,0,0.72,38.26,0,
"CSU23217","FC-066","NE","FC",2025-06-09,2025,24,"Tarsalis","L","culex",1,0,0,55.55,0,
"CSU23218","FC-040","NE","FC",2025-06-09,2025,24,"Tarsalis","L","culex",2,0,0,55.55,0,
"CSU23219","FC-091GR","NE","FC",2025-06-09,2025,24,"Pipiens","G","culex",1,0,0,55.55,0,
"CSU23220","FC-072","NE","FC",2025-06-09,2025,24,"Pipiens","L","culex",1,0,0,55.55,0,
"CSU23221","FC-014","NE","FC",2025-06-09,2025,24,"Tarsalis","L","culex",10,0,0,55.55,0,
"CSU23222","FC-067","NE","FC",2025-06-09,2025,24,"Tarsalis","L","culex",5,0,0,55.55,0,
"CSU23223","FC-019","NE","FC",2025-06-09,2025,24,"Pipiens","L","culex",1,0,0,55.55,0,
